ID temp;Valor medicion
1;14.5
2;13.1
3;12.5
4;12.0
5;11.5
6;10.8
7;10.7
8;9.8
9;9.7
10;8.7
11;8.8
12;12.3
13;14.6
14;17.1
15;17.4
16;19.5
17;20.4
18;22.8
19;24.4
20;25.5
21;22.2
22;20.5
23;19.4
24;18.5
25;15.8
26;14.6
27;13.6
28;12.9
29;12.8
30;12.7
31;12.3
32;11.6
33;11.2
34;11.3
35;10.4
36;13.3
37;15.5
38;18.4
39;19.7
40;22.5
41;23.8
42;25.8
43;26.5
44;26.4
45;26.3
46;25.0
47;21.5
48;18.7
49;17.0
50;15.5
51;15.0
52;14.7
53;14.2
54;13.3
55;13.6
56;13.6
57;13.6
58;16.7
59;18.9
60;19.0
61;20.3
62;23.1
63;27.1
64;27.6
65;29.2
66;27.6
67;25.9
68;24.0
69;22.9
70;20.3
71;17.4
72;16.1
73;15.5
74;14.8
75;14.3
76;14.4
77;14.1
78;14.0
79;13.8
80;13.5
81;15.3
82;16.9
83;20.1
84;21.9
85;23.3
86;26.6
87;27.6
88;26.7
89;25.8
90;23.5
91;22.3
92;20.8
93;19.1
94;16.6
95;15.1
96;13.9
97;13.3
98;12.7
99;12.3
100;11.9
101;11.9
102;14.1
103;16.8
104;17.8
105;19.7
106;20.1
107;20.9
108;22.7
109;21.7
110;21.7
111;20.7
112;19.0
113;19.4
114;16.7
115;14.8
116;13.7
117;13.5
118;12.8
119;12.7
120;12.7
121;12.6
122;12.4
123;11.8
124;12.0
125;12.4
126;12.7
127;15.0
128;16.6
129;18.0
130;18.3
131;18.6
132;20.4
133;21.9
134;21.7
135;22.0
136;20.8
137;18.5
138;15.7
139;14.1
140;13.2
141;12.7
142;11.8
143;11.5
144;11.6
145;11.1
146;10.7
147;12.0
148;15.4
149;16.2
150;17.1
151;18.0
152;19.1
153;19.6
154;20.3
155;18.7
156;18.7
157;18.5
158;19.0
159;17.4
160;15.3
161;13.6
162;12.4
163;12.4
164;12.5
165;12.6
166;12.5
167;12.6
168;13.1
169;13.4
170;13.7
171;13.7
172;16.4
173;15.6
174;15.7
175;16.4
176;17.1
177;16.7
178;15.4
179;14.3
180;14.8
181;14.7
182;14.6
183;14.8
184;
185;14.6
186;14.5
187;15.0
188;16.0
189;17.1
190;17.5
191;18.5
192;19.1
193;19.7
194;19.7
195;18.9
196;19.1
197;17.6
198;16.3
199;14.7
200;14.9
201;14.8
202;14.3
203;14.0
204;13.4
205;13.1
206;12.9
207;12.7
208;12.9
209;14.6
210;17.2
211;19.3
212;20.7
213;21.1
214;21.0
215;22.5
216;22.9
217;23.2
218;23.3
219;22.6
220;22.4
221;20.5
222;18.0
223;17.3
224;17.0
225;15.8
226;15.5
227;15.2
228;15.1
229;14.8
230;14.6
231;14.2
232;14.4
233;15.6
234;17.7
235;18.9
236;19.6
237;21.1
238;22.8
239;22.3
240;22.2
241;23.0
242;23.1
243;23.2
244;22.0
245;20.2
246;18.2
247;17.5
248;15.8
249;15.2
250;14.6
251;14.3
252;14.2
253;14.3
254;14.1
255;13.9
256;14.5
257;14.4
258;14.7
259;15.7
260;17.1
261;18.9
262;19.6
263;21.1
264;21.8
265;23.3
266;24.0
267;23.4
268;21.7
269;21.0
270;18.0
271;16.0
272;15.3
273;15.0
274;14.9
275;15.3
276;15.3
277;14.8
278;14.3
279;14.0
280;14.0
281;14.0
282;14.1
283;15.0
284;15.8
285;17.0
286;18.3
287;20.5
288;22.3
289;23.5
290;24.1
291;23.3
292;20.8
293;18.1
294;16.8
295;15.3
296;14.9
297;14.4
298;14.3
299;14.1
300;13.6
301;12.9
302;12.1
303;12.6
304;12.5
305;14.4
306;17.3
307;19.0
308;22.2
309;22.2
310;24.1
311;27.6
312;26.1
313;25.3
314;24.8
315;24.3
316;22.3
317;20.8
318;18.7
319;16.6
320;16.2
321;16.0
322;15.3
323;15.7
324;15.6
325;15.4
326;14.9
327;14.7
328;15.3
329;15.5
330;16.0
331;16.1
332;16.7
333;17.8
334;19.3
335;21.1
336;22.8
337;22.0
338;20.5
339;21.3
340;19.5
341;17.3
342;15.7
343;15.1
344;14.8
345;14.9
346;14.5
347;14.1
348;13.7
349;13.6
350;13.3
351;13.6
352;13.2
353;13.1
354;13.5
355;14.2
356;14.9
357;15.6
358;15.7
359;16.5
360;18.1
361;17.4
362;17.3
363;16.9
364;16.7
365;15.9
366;14.9
367;14.1
368;14.1
369;14.0
370;13.8
371;13.6
372;13.5
373;13.3
374;12.1
375;11.6
376;11.4
377;12.8
378;13.6
379;16.6
380;18.1
381;19.2
382;20.4
383;20.7
384;20.6
385;21.1
386;19.9
387;18.4
388;17.0
389;15.3
390;13.4
391;12.6
392;11.7
393;11.5
394;11.8
395;11.1
396;10.2
397;10.4
398;10.7
399;10.3
400;9.9
401;11.9
402;15.2
403;15.8
404;16.7
405;18.2
406;20.8
407;22.2
408;22.4
409;23.3
410;22.5
411;20.6
412;19.1
413;16.6
414;14.1
415;12.0
416;11.8
417;11.4
418;10.3
419;9.5
420;8.6
421;8.2
422;8.2
423;8.2
424;7.7
425;8.7
426;14.2
427;15.4
428;16.8
429;17.1
430;18.0
431;20.0
432;20.9
433;22.2
434;22.5
435;22.4
436;20.4
437;17.8
438;14.7
439;12.8
440;12.5
441;11.8
442;12.2
443;11.7
444;10.1
445;10.0
446;10.7
447;10.3
448;9.7
449;10.8
450;13.3
451;16.0
452;19.2
453;20.7
454;22.0
455;23.6
456;24.7
457;24.2
458;23.9
459;22.2
460;19.9
461;17.2
462;14.6
463;13.0
464;12.6
465;11.7
466;11.6
467;11.6
468;11.0
469;10.4
470;10.9
471;10.6
472;9.7
473;11.3
474;15.4
475;16.5
476;17.1
477;19.0
478;20.1
479;22.4
480;24.4
481;24.1
482;24.4
483;23.7
484;22.6
485;20.0
486;16.2
487;11.6
488;14.4
489;16.6
490;18.9
491;21.7
492;23.7
493;25.6
494;26.5
495;26.1
496;23.8
497;22.1
498;21.8
499;19.8
500;17.3
501;14.6
502;16.8
503;20.0
504;20.4
505;20.5
506;22.1
507;25.7
508;26.8
509;26.4
510;24.4
511;23.4
512;22.4
513;19.9
514;17.6
515;13.2
516;15.7
517;16.3
518;17.3
519;18.3
520;18.9
521;21.4
522;26.3
523;26.4
524;25.3
525;23.2
526;21.3
527;19.8
528;17.1
529;11.4
530;12.9
531;15.4
532;17.9
533;19.1
534;20.3
535;22.3
536;24.0
537;23.8
538;23.9
539;23.9
540;21.6
541;18.9
542;16.6
543;13.2
544;12.6
545;13.4
546;14.8
547;16.8
548;17.1
549;18.8
550;21.6
551;22.1
552;22.1
553;22.3
554;21.0
555;18.9
556;16.3
557;12.4
558;13.0
559;13.4
560;14.0
561;14.8
562;16.8
563;18.1
564;18.6
565;20.5
566;19.4
567;19.1
568;17.4
569;15.8
570;13.7
571;14.8
572;13.7
573;14.7
574;15.8
575;18.3
576;19.3
577;21.4
578;21.4
579;21.9
580;20.9
581;19.7
582;17.8
583;15.4
584;12.3
585;14.5
586;14.7
587;15.4
588;16.6
589;17.9
590;18.7
591;20.1
592;19.9
593;21.9
594;21.5
595;19.9
596;19.5
597;16.1
598;12.8
599;13.6
600;15.7
601;16.9
602;18.3
603;19.2
604;19.0
605;19.2
606;19.0
607;21.7
608;22.6
609;21.1
610;19.2
611;17.0
612;15.7
613;15.2
614;14.5
615;13.2
616;13.3
617;12.7
618;12.7
619;12.4
620;12.5
621;12.9
622;13.2
623;13.8
624;16.6
625;15.8
626;17.1
627;17.9
628;17.7
629;18.0
630;18.1
631;18.4
632;18.8
633;17.4
634;16.6
635;15.3
636;14.2
637;15.1
638;13.9
639;14.1
640;13.3
641;13.1
642;13.1
643;12.8
644;13.3
645;13.3
646;13.1
647;13.6
648;14.8
649;14.5
650;15.7
651;17.1
652;17.9
653;18.3
654;18.3
655;18.1
656;18.4
657;17.6
658;16.8
659;15.6
660;14.5
661;14.4
662;13.4
663;13.1
664;12.8
665;12.4
666;12.0
667;11.5
668;11.6
669;11.3
670;12.8
671;14.6
672;16.3
673;17.6
674;18.4
675;20.1
676;20.6
677;21.7
678;22.1
679;22.5
680;22.1
681;21.7
682;20.4
683;18.1
684;15.7
685;15.0
686;13.9
687;13.2
688;13.3
689;12.9
690;12.7
691;12.4
692;12.7
693;12.4
694;13.1
695;13.9
696;14.8
697;15.6
698;18.5
699;18.9
700;19.8
701;21.2
702;21.8
703;21.7
704;21.3
705;20.4
706;19.1
707;17.5
708;15.7
709;14.6
710;13.9
711;13.4
712;13.6
713;13.9
714;13.3
715;12.4
716;11.9
717;11.3
718;12.0
719;13.4
720;14.3
721;15.7
722;17.8
723;18.8
724;19.3
725;19.3
726;22.6
727;23.4
728;21.7
729;24.2
730;21.7
731;18.5
732;16.7
733;16.2
734;14.9
735;14.2
736;15.3
737;13.6
738;13.2
739;12.7
740;12.5
741;12.1
742;12.4
743;16.6
744;17.2
745;18.9
746;19.7
747;20.3
748;20.6
749;24.6
750;25.5
751;27.2
752;26.5
753;24.8
754;23.4
755;20.5
756;17.0
757;15.7
758;14.8
759;14.4
760;13.9
761;13.6
762;13.6
763;13.4
764;13.1
765;13.1
766;13.5
767;15.1
768;17.2
769;15.9
770;14.2
771;15.7
772;16.1
773;16.8
774;16.4
775;15.9
776;16.6
777;16.1
778;14.9
779;14.6
780;14.0
781;14.0
782;14.1
783;13.9
784;13.6
785;13.4
786;13.2
787;13.2
788;13.1
789;13.1
790;13.0
791;13.2
792;13.2
793;13.7
794;14.3
795;16.4
796;17.6
797;18.0
798;18.2
799;17.9
800;17.9
801;16.9
802;16.8
803;14.9
804;14.7
805;14.6
806;13.9
807;13.4
808;12.4
809;13.3
810;13.4
811;13.1
812;13.1
813;12.9
814;13.2
815;14.0
816;16.3
817;17.3
818;17.5
819;16.9
820;17.1
821;17.6
822;16.3
823;16.9
824;16.3
825;16.3
826;15.3
827;13.9
828;13.1
829;13.1
830;12.4
831;12.0
832;11.8
833;10.9
834;11.3
835;12.5
836;12.8
837;12.8
838;13.0
839;13.0
840;13.4
841;13.9
842;14.7
843;16.3
844;16.7
845;18.4
846;17.9
847;18.1
848;17.1
849;17.1
850;15.8
851;15.1
852;15.3
853;15.2
854;15.0
855;14.8
856;14.5
857;14.4
858;14.2
859;14.2
860;13.9
861;13.9
862;13.9
863;13.8
864;13.8
865;14.2
866;14.5
867;14.3
868;15.2
869;15.9
870;17.5
871;19.1
872;18.0
873;18.2
874;17.2
875;16.8
876;16.1
877;14.9
878;14.3
879;13.8
880;14.4
881;14.3
882;14.2
883;14.2
884;13.6
885;13.4
886;13.3
887;15.8
888;18.6
889;18.9
890;19.6
891;20.4
892;21.0
893;22.5
894;22.7
895;22.9
896;24.3
897;23.6
898;22.2
899;19.2
900;17.3
901;16.5
902;16.3
903;15.9
904;15.2
905;14.5
906;13.9
907;13.4
908;13.3
909;13.0
910;13.3
911;16.0
912;16.9
913;17.7
914;18.4
915;18.0
916;18.4
917;19.0
918;20.2
919;18.9
920;18.0
921;16.9
922;16.6
923;15.3
924;14.4
925;14.8
926;14.8
927;14.4
928;14.8
929;14.7
930;14.1
931;14.4
932;14.0
933;14.3
934;14.6
935;15.4
936;16.1
937;16.6
938;17.2
939;16.7
940;17.1
941;18.1
942;17.9
943;18.7
944;18.4
945;17.9
946;17.0
947;16.1
948;14.6
949;14.1
950;14.0
951;13.6
952;13.5
953;13.0
954;12.9
955;12.8
956;12.8
957;12.5
958;12.7
959;14.6
960;16.2
961;17.7
962;20.2
963;20.4
964;21.0
965;21.5
966;21.8
967;20.9
968;20.8
969;21.2
970;18.6
971;16.7
972;15.5
973;15.8
974;16.0
975;16.0
976;16.1
977;15.8
978;15.7
979;15.3
980;15.0
981;14.8
982;14.6
983;14.4
984;14.5
985;16.0
986;16.7
987;16.6
988;16.9
989;18.1
990;19.5
991;20.1
992;21.1
993;20.3
994;18.6
995;15.9
996;14.5
997;13.9
998;13.5
999;13.0
1000;13.1
1001;13.1
1002;12.7
1003;12.4
1004;12.2
1005;12.1
1006;12.1
1007;14.1
1008;17.0
1009;18.1
1010;18.9
1011;19.6
1012;20.0
1013;20.9
1014;21.7
1015;22.4
1016;22.3
1017;23.4
1018;21.2
1019;18.4
1020;17.0
1021;15.1
1022;14.7
1023;13.8
1024;13.6
1025;13.4
1026;14.2
1027;14.6
1028;14.1
1029;13.7
1030;13.8
1031;17.3
1032;17.3
1033;15.0
1034;14.9
1035;16.6
1036;16.4
1037;18.0
1038;19.1
1039;20.1
1040;21.4
1041;22.1
1042;22.3
1043;19.1
1044;16.7
1045;15.7
1046;14.2
1047;13.3
1048;13.2
1049;14.0
1050;13.2
1051;13.0
1052;12.5
1053;12.0
1054;12.3
1055;12.5
1056;12.8
1057;14.0
1058;16.2
1059;16.4
1060;18.3
1061;19.3
1062;18.5
1063;19.3
1064;20.1
1065;20.3
1066;19.3
1067;16.3
1068;13.8
1069;12.4
1070;12.1
1071;11.3
1072;11.7
1073;11.0
1074;10.3
1075;10.4
1076;10.7
1077;9.5
1078;9.3
1079;12.9
1080;17.2
1081;19.9
1082;19.8
1083;19.7
1084;21.3
1085;23.4
1086;26.9
1087;26.4
1088;24.0
1089;22.0
1090;19.8
1091;16.9
1092;16.3
1093;15.1
1094;14.9
1095;13.7
1096;13.2
1097;12.6
1098;12.7
1099;13.0
1100;12.1
1101;11.8
1102;12.1
1103;15.6
1104;18.1
1105;17.6
1106;18.6
1107;20.6
1108;23.3
1109;23.3
1110;23.0
1111;22.1
1112;21.0
1113;19.5
1114;17.7
1115;14.7
1116;13.6
1117;13.2
1118;12.5
1119;11.9
1120;11.7
1121;11.0
1122;10.9
1123;10.0
1124;9.8
1125;9.6
1126;9.9
1127;11.1
1128;17.7
1129;18.2
1130;17.7
1131;18.0
1132;18.8
1133;18.9
1134;18.2
1135;17.8
1136;17.5
1137;16.8
1138;16.5
1139;14.6
1140;14.0
1141;13.2
1142;12.9
1143;13.0
1144;12.4
1145;11.7
1146;11.7
1147;11.4
1148;11.4
1149;11.3
1150;11.7
1151;15.4
1152;16.7
1153;17.5
1154;18.5
1155;19.3
1156;19.4
1157;19.5
1158;19.5
1159;18.6
1160;18.7
1161;18.1
1162;16.8
1163;16.0
1164;14.9
1165;14.1
1166;13.8
1167;13.8
1168;13.0
1169;12.9
1170;12.8
1171;12.4
1172;12.0
1173;12.3
1174;12.5
1175;15.1
1176;17.1
1177;17.1
1178;17.6
1179;18.3
1180;19.0
1181;19.6
1182;18.6
1183;19.6
1184;18.8
1185;17.4
1186;16.8
1187;16.1
1188;15.0
1189;14.5
1190;13.8
1191;13.7
1192;14.0
1193;12.8
1194;12.5
1195;12.5
1196;11.7
1197;11.9
1198;12.5
1199;16.0
1200;18.9
1201;22.0
1202;21.9
1203;23.1
1204;25.6
1205;25.2
1206;26.0
1207;25.2
1208;24.4
1209;21.9
1210;19.6
1211;17.2
1212;16.0
1213;15.4
1214;15.4
1215;14.8
1216;14.8
1217;14.6
1218;14.1
1219;13.3
1220;12.8
1221;12.8
1222;12.9
1223;17.3
1224;18.0
1225;18.6
1226;19.9
1227;21.2
1228;23.4
1229;25.1
1230;25.9
1231;26.1
1232;24.7
1233;21.9
1234;19.4
1235;16.9
1236;15.7
1237;15.2
1238;14.8
1239;15.1
1240;14.4
1241;14.6
1242;14.2
1243;13.7
1244;13.2
1245;11.7
1246;12.4
1247;14.7
1248;17.7
1249;21.9
1250;24.2
1251;24.7
1252;26.7
1253;26.9
1254;24.1
1255;24.3
1256;22.9
1257;22.1
1258;20.3
1259;18.0
1260;17.3
1261;17.0
1262;16.2
1263;15.1
1264;15.0
1265;14.3
1266;14.1
1267;14.3
1268;14.0
1269;13.5
1270;13.5
1271;14.6
1272;17.1
1273;20.2
1274;22.8
1275;22.9
1276;22.8
1277;23.8
1278;22.7
1279;22.3
1280;20.6
1281;18.8
1282;17.5
1283;15.8
1284;15.3
1285;14.8
1286;14.0
1287;13.8
1288;13.5
1289;13.8
1290;13.4
1291;13.6
1292;13.8
1293;13.7
1294;13.4
1295;14.5
1296;17.4
1297;21.5
1298;25.1
1299;25.7
1300;25.5
1301;25.7
1302;25.6
1303;26.3
1304;23.5
1305;21.5
1306;20.6
1307;18.2
1308;17.6
1309;16.4
1310;17.1
1311;18.4
1312;19.3
1313;18.1
1314;17.6
1315;16.3
1316;15.1
1317;15.5
1318;14.2
1319;16.5
1320;20.5
1321;19.1
1322;18.9
1323;21.4
1324;23.1
1325;24.4
1326;27.2
1327;25.1
1328;23.3
1329;21.2
1330;19.0
1331;16.4
1332;15.4
1333;14.6
1334;13.5
1335;13.5
1336;13.2
1337;13.6
1338;13.7
1339;13.4
1340;12.7
1341;12.8
1342;12.8
1343;15.8
1344;15.8
1345;15.3
1346;16.2
1347;17.5
1348;19.2
1349;20.0
1350;21.1
1351;21.9
1352;20.1
1353;16.3
1354;15.3
1355;14.3
1356;13.6
1357;13.3
1358;13.2
1359;13.6
1360;13.6
1361;13.9
1362;13.9
1363;13.8
1364;13.6
1365;13.7
1366;13.9
1367;14.1
1368;14.9
1369;16.5
1370;17.8
1371;19.5
1372;20.9
1373;21.0
1374;20.9
1375;21.1
1376;21.2
1377;20.5
1378;18.3
1379;16.6
1380;14.5
1381;13.7
1382;14.3
1383;13.8
1384;13.5
1385;13.4
1386;13.3
1387;13.5
1388;13.2
1389;12.9
1390;12.8
1391;12.7
1392;13.4
1393;13.4
1394;14.9
1395;16.4
1396;17.5
1397;17.8
1398;17.7
1399;20.7
1400;19.8
1401;21.3
1402;18.8
1403;16.3
1404;15.6
1405;15.2
1406;14.9
1407;12.8
1408;12.3
1409;12.0
1410;11.7
1411;11.6
1412;12.0
1413;11.8
1414;12.4
1415;13.9
1416;17.3
1417;18.1
1418;18.2
1419;19.3
1420;21.8
1421;24.2
1422;26.9
1423;26.9
1424;25.7
1425;21.3
1426;17.9
1427;15.0
1428;14.3
1429;13.9
1430;12.3
1431;10.7
1432;10.2
1433;9.6
1434;9.4
1435;9.3
1436;9.8
1437;8.6
1438;9.8
1439;11.4
1440;13.6
1441;17.0
1442;18.7
1443;19.9
1444;21.5
1445;21.1
1446;21.6
1447;21.1
1448;21.5
1449;19.5
1450;17.2
1451;14.0
1452;13.5
1453;13.0
1454;12.5
1455;11.6
1456;12.4
1457;12.7
1458;12.3
1459;13.1
1460;13.9
1461;14.7
1462;14.5
1463;16.0
1464;19.9
1465;22.4
1466;24.0
1467;27.0
1468;27.9
1469;27.2
1470;28.0
1471;28.0
1472;26.3
1473;21.5
1474;18.4
1475;14.8
1476;14.1
1477;13.3
1478;12.6
1479;11.2
1480;10.5
1481;9.6
1482;9.3
1483;9.3
1484;8.2
1485;9.0
1486;8.8
1487;10.4
1488;13.4
1489;16.2
1490;18.1
1491;20.5
1492;21.0
1493;20.1
1494;21.9
1495;22.3
1496;21.0
1497;18.8
1498;17.0
1499;15.2
1500;14.3
1501;13.7
1502;13.6
1503;13.4
1504;13.2
1505;13.4
1506;12.6
1507;12.7
1508;12.5
1509;13.0
1510;11.7
1511;13.8
1512;18.5
1513;18.7
1514;19.1
1515;24.5
1516;25.1
1517;25.5
1518;24.4
1519;24.1
1520;23.4
1521;20.1
1522;17.0
1523;15.6
1524;15.0
1525;12.7
1526;13.7
1527;13.3
1528;13.6
1529;14.1
1530;13.7
1531;13.0
1532;13.2
1533;12.3
1534;13.1
1535;15.0
1536;19.0
1537;20.8
1538;21.4
1539;21.8
1540;23.8
1541;28.4
1542;27.5
1543;25.9
1544;25.0
1545;21.8
1546;18.8
1547;17.0
1548;15.2
1549;14.4
1550;15.1
1551;14.1
1552;13.2
1553;12.8
1554;12.7
1555;12.5
1556;11.8
1557;11.8
1558;12.1
1559;12.5
1560;14.5
1561;15.4
1562;15.4
1563;16.4
1564;17.4
1565;17.5
1566;18.7
1567;17.0
1568;16.4
1569;15.0
1570;13.7
1571;12.7
1572;12.7
1573;12.6
1574;12.5
1575;12.6
1576;12.7
1577;12.6
1578;12.5
1579;12.3
1580;12.6
1581;12.4
1582;12.7
1583;12.6
1584;13.2
1585;14.1
1586;14.8
1587;15.7
1588;16.3
1589;17.6
1590;17.8
1591;17.7
1592;17.4
1593;16.4
1594;15.6
1595;14.1
1596;13.1
1597;12.7
1598;12.3
1599;11.8
1600;12.0
1601;12.0
1602;11.3
1603;10.7
1604;10.4
1605;10.7
1606;11.0
1607;11.9
1608;15.2
1609;16.1
1610;15.4
1611;15.8
1612;16.7
1613;17.2
1614;17.1
1615;17.1
1616;14.1
1617;13.4
1618;12.8
1619;12.7
1620;12.6
1621;12.7
1622;12.7
1623;12.3
1624;12.0
1625;11.7
1626;11.1
1627;10.4
1628;11.3
1629;11.7
1630;11.8
1631;11.9
1632;11.9
1633;12.1
1634;12.4
1635;12.9
1636;14.1
1637;15.2
1638;15.3
1639;15.8
1640;15.3
1641;14.9
1642;14.3
1643;14.0
1644;13.7
1645;13.5
1646;13.6
1647;13.5
1648;13.3
1649;13.3
1650;13.0
1651;13.0
1652;12.8
1653;13.0
1654;13.0
1655;12.9
1656;13.4
1657;13.6
1658;14.3
1659;15.4
1660;15.3
1661;15.3
1662;15.1
1663;14.9
1664;15.2
1665;15.0
1666;14.4
1667;14.1
1668;14.1
1669;13.9
1670;13.8
1671;13.6
1672;13.5
1673;13.3
1674;13.4
1675;13.3
1676;13.3
1677;13.3
1678;13.4
1679;13.6
1680;13.4
1681;13.7
1682;13.8
1683;14.1
1684;15.5
1685;16.1
1686;17.3
1687;17.6
1688;16.7
1689;16.3
1690;14.7
1691;14.3
1692;14.3
1693;14.5
1694;14.2
1695;14.2
1696;14.5
1697;14.2
1698;14.1
1699;14.0
1700;13.9
1701;13.7
1702;13.8
1703;13.7
1704;14.1
1705;16.1
1706;17.3
1707;18.8
1708;18.2
1709;19.7
1710;18.9
1711;19.5
1712;20.6
1713;19.1
1714;16.1
1715;14.0
1716;13.2
1717;12.1
1718;11.9
1719;12.1
1720;12.0
1721;11.6
1722;11.6
1723;11.4
1724;11.6
1725;11.5
1726;12.1
1727;13.7
1728;17.7
1729;21.2
1730;21.3
1731;23.0
1732;26.3
1733;26.5
1734;26.3
1735;26.1
1736;24.9
1737;22.1
1738;19.1
1739;17.1
1740;16.9
1741;16.6
1742;16.6
1743;15.4
1744;15.0
1745;15.6
1746;15.3
1747;15.1
1748;14.9
1749;15.8
1750;15.9
1751;17.1
1752;17.3
1753;20.2
1754;20.1
1755;21.0
1756;22.1
1757;23.0
1758;25.0
1759;24.1
1760;24.2
1761;23.4
1762;21.9
1763;18.5
1764;17.1
1765;14.8
1766;14.5
1767;14.0
1768;12.7
1769;13.7
1770;13.9
1771;12.4
1772;12.7
1773;11.9
1774;11.6
1775;12.1
1776;14.5
1777;14.9
1778;15.9
1779;17.4
1780;18.4
1781;16.5
1782;17.4
1783;17.8
1784;17.6
1785;17.3
1786;14.7
1787;12.6
1788;11.3
1789;10.6
1790;10.3
1791;10.7
1792;10.2
1793;9.7
1794;10.0
1795;10.4
1796;10.6
1797;10.2
1798;8.7
1799;10.5
1800;15.1
1801;19.5
1802;21.6
1803;22.2
1804;22.8
1805;23.1
1806;22.3
1807;21.5
1808;20.3
1809;18.4
1810;15.8
1811;14.5
1812;14.4
1813;13.7
1814;13.6
1815;12.4
1816;12.6
1817;12.0
1818;12.1
1819;12.0
1820;11.8
1821;12.0
1822;12.6
1823;13.9
1824;14.3
1825;15.1
1826;17.1
1827;17.7
1828;19.5
1829;21.5
1830;22.8
1831;22.0
1832;20.0
1833;17.4
1834;14.3
1835;12.2
1836;11.2
1837;10.7
1838;10.6
1839;11.1
1840;11.1
1841;11.1
1842;11.3
1843;10.9
1844;11.1
1845;11.1
1846;10.1
1847;10.2
1848;13.6
1849;14.7
1850;17.0
1851;18.7
1852;20.3
1853;19.6
1854;19.2
1855;16.5
1856;16.8
1857;16.7
1858;15.5
1859;12.2
1860;11.9
1861;12.1
1862;12.2
1863;12.0
1864;11.9
1865;12.1
1866;12.2
1867;12.6
1868;12.3
1869;11.4
1870;10.7
1871;12.0
1872;16.2
1873;20.5
1874;23.9
1875;25.5
1876;25.4
1877;25.9
1878;25.8
1879;26.0
1880;23.7
1881;21.8
1882;19.2
1883;16.7
1884;15.9
1885;15.2
1886;14.8
1887;14.0
1888;13.2
1889;13.3
1890;14.0
1891;14.8
1892;13.2
1893;13.2
1894;12.8
1895;12.7
1896;13.1
1897;14.9
1898;14.9
1899;16.2
1900;17.6
1901;17.2
1902;18.6
1903;18.2
1904;18.2
1905;16.1
1906;13.8
1907;12.6
1908;11.9
1909;12.3
1910;12.6
1911;12.4
1912;12.2
1913;12.2
1914;11.9
1915;11.8
1916;11.8
1917;11.7
1918;11.8
1919;11.9
1920;12.1
1921;12.5
1922;13.1
1923;13.4
1924;13.6
1925;14.1
1926;15.1
1927;15.5
1928;15.4
1929;14.6
1930;12.7
1931;11.3
1932;11.0
1933;10.6
1934;10.2
1935;9.2
1936;8.4
1937;8.8
1938;8.9
1939;8.7
1940;9.0
1941;8.7
1942;8.8
1943;9.8
1944;13.4
1945;15.2
1946;15.4
1947;17.5
1948;18.8
1949;20.7
1950;21.7
1951;24.2
1952;22.6
1953;19.3
1954;17.1
1955;15.9
1956;15.2
1957;13.6
1958;13.6
1959;12.4
1960;12.1
1961;11.8
1962;12.0
1963;11.8
1964;10.5
1965;10.6
1966;10.0
1967;12.3
1968;14.9
1969;15.7
1970;16.5
1971;16.8
1972;17.8
1973;20.3
1974;23.5
1975;22.9
1976;21.4
1977;18.2
1978;14.9
1979;12.9
1980;12.3
1981;11.8
1982;11.3
1983;11.0
1984;11.2
1985;11.2
1986;11.4
1987;10.9
1988;10.8
1989;10.9
1990;10.6
1991;12.1
1992;15.2
1993;17.3
1994;20.3
1995;22.2
1996;22.7
1997;22.9
1998;22.6
1999;22.2
2000;22.3
2001;21.6
2002;19.1
2003;18.2
2004;17.3
2005;16.7
2006;15.8
2007;15.7
2008;15.6
2009;15.4
2010;14.3
2011;13.5
2012;12.6
2013;12.3
2014;12.7
2015;14.9
2016;18.6
2017;22.5
2018;24.9
2019;27.5
2020;27.3
2021;25.9
2022;25.7
2023;24.7
2024;23.1
2025;20.5
2026;16.3
2027;14.0
2028;12.2
2029;12.2
2030;12.8
2031;10.7
2032;11.2
2033;11.6
2034;11.7
2035;11.6
2036;11.3
2037;11.8
2038;12.3
2039;14.1
2040;18.1
2041;21.9
2042;21.3
2043;25.4
2044;27.4
2045;27.6
2046;27.4
2047;26.5
2048;25.1
2049;22.2
2050;17.6
2051;15.0
2052;13.2
2053;11.8
2054;11.5
2055;11.5
2056;10.9
2057;10.2
2058;9.7
2059;9.9
2060;8.8
2061;9.6
2062;8.7
2063;8.8
2064;12.5
2065;15.0
2066;15.1
2067;15.3
2068;15.8
2069;16.1
2070;14.9
2071;16.8
2072;13.7
2073;11.7
2074;10.7
2075;10.3
2076;10.2
2077;9.9
2078;9.1
2079;8.3
2080;8.6
2081;9.0
2082;8.4
2083;8.8
2084;8.7
2085;8.9
2086;8.9
2087;9.2
2088;9.5
2089;9.7
2090;10.3
2091;12.3
2092;12.3
2093;12.3
2094;11.6
2095;11.4
2096;12.4
2097;10.4
2098;12.3
2099;12.6
2100;13.0
2101;13.1
2102;12.6
2103;11.8
2104;10.6
2105;11.6
2106;12.7
2107;13.1
2108;13.1
2109;13.1
2110;12.8
2111;12.9
2112;14.1
2113;16.1
2114;18.5
2115;20.3
2116;21.6
2117;23.3
2118;22.5
2119;20.7
2120;19.7
2121;16.8
2122;14.1
2123;12.8
2124;12.1
2125;11.7
2126;11.5
2127;11.2
2128;10.7
2129;10.7
2130;10.5
2131;10.1
2132;10.9
2133;10.9
2134;10.9
2135;13.3
2136;15.3
2137;15.2
2138;16.7
2139;17.7
2140;18.7
2141;20.4
2142;21.1
2143;20.0
2144;19.8
2145;17.6
2146;15.6
2147;13.6
2148;12.5
2149;11.8
2150;12.8
2151;12.7
2152;12.0
2153;10.9
2154;11.6
2155;11.8
2156;12.9
2157;11.7
2158;11.4
2159;14.6
2160;15.3
2161;16.1
2162;17.8
2163;19.3
2164;17.9
2165;17.8
2166;16.6
2167;18.5
2168;15.5
2169;15.1
2170;11.7
2171;11.2
2172;12.3
2173;11.5
2174;11.1
2175;10.7
2176;10.0
2177;8.8
2178;8.4
2179;8.0
2180;7.4
2181;6.9
2182;6.6
2183;8.0
2184;9.8
2185;11.8
2186;14.3
2187;13.5
2188;14.5
2189;13.9
2190;12.6
2191;15.1
2192;14.3
2193;15.3
2194;12.0
2195;12.7
2196;11.7
2197;10.6
2198;10.9
2199;10.0
2200;10.1
2201;9.6
2202;10.2
2203;9.7
2204;10.2
2205;9.9
2206;9.9
2207;12.1
2208;13.6
2209;16.3
2210;16.3
2211;18.8
2212;18.2
2213;20.9
2214;21.7
2215;23.5
2216;23.2
2217;20.5
2218;14.3
2219;12.1
2220;11.4
2221;12.6
2222;11.8
2223;10.5
2224;10.3
2225;11.6
2226;11.3
2227;9.9
2228;10.0
2229;10.0
2230;10.0
2231;9.2
2232;13.1
2233;11.6
2234;13.5
2235;15.1
2236;17.3
2237;17.2
2238;18.5
2239;18.0
2240;16.5
2241;14.9
2242;11.1
2243;11.4
2244;10.9
2245;10.8
2246;10.5
2247;10.2
2248;10.5
2249;
2250;10.1
2251;10.0
2252;9.8
2253;9.8
2254;9.6
2255;
2256;
2257;
2258;
2259;
2260;
2261;
2262;
2263;
2264;
2265;
2266;13.5
2267;
2268;12.3
2269;12.0
2270;11.9
2271;11.5
2272;10.9
2273;
2274;9.4
2275;9.0
2276;9.4
2277;9.1
2278;8.9
2279;
2280;13.5
2281;15.2
2282;16.2
2283;15.6
2284;17.0
2285;17.9
2286;18.2
2287;17.0
2288;15.7
2289;14.1
2290;
2291;
2292;
2293;14.1
2294;17.3
2295;18.1
2296;19.7
2297;19.7
2298;20.8
2299;18.9
2300;17.2
2301;15.1
2302;
2303;
2304;14.3
2305;20.0
2306;17.0
2307;16.3
2308;18.5
2309;21.7
2310;19.5
2311;20.6
2312;18.5
2313;16.6
2314;
2315;
2316;16.0
2317;18.1
2318;19.4
2319;20.9
2320;20.1
2321;19.4
2322;20.0
2323;19.8
2324;19.7
2325;18.4
2326;15.5
2327;13.8
2328;12.6
2329;11.6
2330;11.1
2331;10.6
2332;9.8
2333;9.3
2334;9.3
2335;9.1
2336;9.3
2337;9.6
2338;9.9
2339;10.1
2340;10.8
2341;10.7
2342;11.5
2343;11.3
2344;11.9
2345;12.7
2346;13.3
2347;12.7
2348;12.6
2349;11.4
2350;11.4
2351;11.4
2352;11.3
2353;11.4
2354;11.4
2355;11.4
2356;11.3
2357;11.1
2358;10.9
2359;10.6
2360;10.8
2361;11.0
2362;10.9
2363;11.3
2364;11.5
2365;11.9
2366;12.5
2367;12.7
2368;13.4
2369;13.7
2370;13.9
2371;15.2
2372;14.6
2373;13.7
2374;11.6
2375;10.8
2376;10.4
2377;9.8
2378;9.5
2379;9.6
2380;9.5
2381;9.2
2382;8.8
2383;9.0
2384;8.5
2385;8.1
2386;8.0
2387;8.7
2388;11.4
2389;13.3
2390;13.6
2391;14.4
2392;16.0
2393;16.2
2394;16.2
2395;16.2
2396;16.1
2397;15.3
2398;11.9
2399;9.8
2400;9.4
2401;9.0
2402;8.8
2403;8.4
2404;9.2
2405;9.0
2406;8.6
2407;8.0
2408;7.5
2409;7.4
2410;7.5
2411;8.5
2412;8.7
2413;8.9
2414;9.1
2415;9.5
2416;9.9
2417;10.0
2418;10.5
2419;10.7
2420;10.7
2421;10.5
2422;10.2
2423;9.6
2424;9.8
2425;9.6
2426;9.1
2427;8.8
2428;8.4
2429;8.3
2430;8.1
2431;8.0
2432;7.6
2433;7.2
2434;7.1
2435;7.3
2436;7.6
2437;8.7
2438;10.6
2439;12.7
2440;11.9
2441;11.1
2442;10.9
2443;10.8
2444;9.9
2445;9.8
2446;9.5
2447;9.2
2448;8.9
2449;8.9
2450;8.6
2451;8.1
2452;8.7
2453;9.4
2454;9.3
2455;9.0
2456;9.1
2457;8.8
2458;8.8
2459;9.1
2460;9.6
2461;10.0
2462;12.1
2463;13.5
2464;13.4
2465;14.5
2466;13.5
2467;12.0
2468;12.6
2469;11.7
2470;12.7
2471;12.9
2472;12.7
2473;11.9
2474;10.4
2475;10.2
2476;9.8
2477;10.4
2478;11.7
2479;11.8
2480;10.9
2481;10.3
2482;10.6
2483;11.3
2484;13.8
2485;16.9
2486;19.8
2487;21.5
2488;22.4
2489;19.8
2490;21.7
2491;
2492;
2493;16.4
2494;13.9
2495;13.1
2496;12.8
2497;11.7
2498;12.4
2499;12.4
2500;12.1
2501;11.4
2502;10.4
2503;11.0
2504;10.1
2505;9.9
2506;9.4
2507;10.7
2508;13.0
2509;14.9
2510;15.9
2511;17.0
2512;19.2
2513;21.2
2514;20.5
2515;20.6
2516;17.0
2517;14.0
2518;13.3
2519;12.8
2520;13.1
2521;12.7
2522;12.6
2523;12.5
2524;11.9
2525;13.0
2526;12.7
2527;12.9
2528;12.9
2529;12.8
2530;12.3
2531;14.1
2532;14.5
2533;17.9
2534;18.1
2535;20.6
2536;20.3
2537;21.4
2538;22.5
2539;20.9
2540;19.9
2541;18.8
2542;15.2
2543;14.1
2544;14.0
2545;13.6
2546;13.2
2547;13.7
2548;13.9
2549;12.1
2550;11.9
2551;11.8
2552;11.4
2553;11.1
2554;11.9
2555;12.2
2556;14.7
2557;17.4
2558;17.5
2559;19.3
2560;19.9
2561;22.2
2562;23.6
2563;22.8
2564;21.1
2565;19.1
2566;15.0
2567;13.6
2568;12.8
2569;11.3
2570;11.5
2571;11.2
2572;11.4
2573;11.0
2574;10.4
2575;9.8
2576;8.5
2577;9.8
2578;10.4
2579;10.8
2580;11.0
2581;11.4
2582;12.1
2583;12.5
2584;12.9
2585;13.8
2586;15.2
2587;15.9
2588;14.3
2589;12.6
2590;12.1
2591;12.0
2592;11.8
2593;12.0
2594;11.9
2595;12.0
2596;12.1
2597;12.1
2598;12.1
2599;12.1
2600;12.1
2601;11.7
2602;11.6
2603;11.4
2604;12.2
2605;14.8
2606;16.5
2607;16.7
2608;16.6
2609;17.3
2610;16.9
2611;15.9
2612;14.1
2613;12.6
2614;12.6
2615;12.7
2616;12.9
2617;13.2
2618;13.0
2619;13.2
2620;13.1
2621;12.9
2622;12.6
2623;12.7
2624;12.5
2625;12.5
2626;12.5
2627;12.5
2628;12.6
2629;12.0
2630;12.4
2631;12.4
2632;12.6
2633;12.9
2634;12.8
2635;12.2
2636;12.8
2637;12.9
2638;10.7
2639;11.0
2640;10.7
2641;10.4
2642;10.2
2643;10.8
2644;10.7
2645;10.7
2646;10.9
2647;11.0
2648;10.8
2649;11.2
2650;11.2
2651;11.0
2652;11.5
2653;13.7
2654;14.1
2655;15.7
2656;16.1
2657;15.6
2658;15.4
2659;16.4
2660;16.6
2661;13.8
2662;11.9
2663;11.3
2664;10.6
2665;10.5
2666;11.1
2667;10.9
2668;10.4
2669;10.6
2670;10.5
2671;10.6
2672;10.9
2673;10.5
2674;10.2
2675;10.2
2676;12.5
2677;15.8
2678;18.9
2679;20.1
2680;19.1
2681;19.4
2682;19.1
2683;18.7
2684;18.3
2685;17.5
2686;14.8
2687;14.5
2688;13.9
2689;12.6
2690;11.7
2691;11.4
2692;10.9
2693;11.5
2694;11.8
2695;11.3
2696;11.2
2697;10.1
2698;9.8
2699;9.2
2700;11.6
2701;17.2
2702;16.6
2703;16.3
2704;17.2
2705;17.2
2706;16.3
2707;16.7
2708;14.2
2709;12.6
2710;10.9
2711;10.2
2712;9.4
2713;9.9
2714;9.3
2715;8.9
2716;8.9
2717;8.4
2718;8.2
2719;8.4
2720;7.6
2721;7.8
2722;7.8
2723;9.3
2724;12.2
2725;15.4
2726;18.2
2727;20.0
2728;23.1
2729;
2730;23.5
2731;23.4
2732;21.1
2733;17.0
2734;13.0
2735;13.0
2736;13.9
2737;12.9
2738;11.6
2739;11.0
2740;11.3
2741;10.6
2742;10.2
2743;9.3
2744;9.0
2745;8.3
2746;7.9
2747;8.7
2748;10.8
2749;13.7
2750;16.2
2751;18.2
2752;19.1
2753;19.7
2754;19.5
2755;17.7
2756;15.6
2757;13.8
2758;11.3
2759;10.9
2760;10.2
2761;9.3
2762;11.2
2763;11.1
2764;9.3
2765;8.9
2766;8.3
2767;7.9
2768;8.2
2769;7.6
2770;8.7
2771;8.7
2772;11.2
2773;14.7
2774;18.2
2775;17.1
2776;18.0
2777;20.1
2778;19.8
2779;21.3
2780;19.5
2781;16.8
2782;14.4
2783;13.5
2784;14.0
2785;13.0
2786;13.0
2787;12.1
2788;11.9
2789;11.7
2790;12.4
2791;12.0
2792;13.1
2793;13.3
2794;13.3
2795;14.6
2796;17.0
2797;19.5
2798;20.8
2799;21.9
2800;23.6
2801;22.6
2802;22.6
2803;23.0
2804;22.4
2805;17.6
2806;14.2
2807;15.1
2808;14.3
2809;14.9
2810;15.1
2811;15.1
2812;13.3
2813;11.3
2814;10.0
2815;9.6
2816;9.1
2817;9.2
2818;9.4
2819;9.7
2820;12.3
2821;16.7
2822;17.4
2823;11.4
2824;11.2
2825;11.3
2826;11.7
2827;11.7
2828;11.9
2829;11.5
2830;11.6
2831;11.4
2832;11.6
2833;11.5
2834;11.5
2835;11.5
2836;11.3
2837;11.2
2838;11.0
2839;11.0
2840;10.9
2841;10.8
2842;10.9
2843;11.0
2844;11.1
2845;11.1
2846;11.3
2847;11.4
2848;11.9
2849;11.9
2850;11.9
2851;12.0
2852;12.2
2853;12.6
2854;12.2
2855;12.1
2856;11.7
2857;11.4
2858;11.0
2859;10.5
2860;10.1
2861;10.2
2862;10.1
2863;10.0
2864;9.9
2865;9.6
2866;9.3
2867;9.3
2868;9.3
2869;9.8
2870;10.9
2871;12.1
2872;13.0
2873;12.4
2874;13.3
2875;11.4
2876;10.5
2877;10.5
2878;9.0
2879;8.8
2880;8.1
2881;9.0
2882;9.1
2883;8.6
2884;7.2
2885;7.6
2886;6.5
2887;5.8
2888;7.5
2889;7.7
2890;7.7
2891;8.0
2892;8.3
2893;8.9
2894;9.6
2895;10.0
2896;10.6
2897;10.1
2898;10.6
2899;10.9
2900;10.6
2901;10.9
2902;10.4
2903;10.5
2904;10.2
2905;10.2
2906;10.1
2907;10.1
2908;10.1
2909;10.0
2910;10.1
2911;10.1
2912;10.4
2913;10.3
2914;10.3
2915;10.4
2916;11.2
2917;12.7
2918;15.2
2919;14.9
2920;13.6
2921;13.6
2922;14.1
2923;14.2
2924;14.3
2925;13.7
2926;13.3
2927;13.1
2928;12.5
2929;10.7
2930;10.0
2931;9.8
2932;9.4
2933;9.2
2934;9.0
2935;8.9
2936;8.6
2937;9.2
2938;8.9
2939;8.9
2940;10.4
2941;14.4
2942;16.7
2943;19.3
2944;20.6
2945;22.0
2946;20.9
2947;20.1
2948;18.8
2949;15.9
2950;13.5
2951;13.0
2952;13.9
2953;14.0
2954;13.0
2955;11.6
2956;10.8
2957;11.0
2958;10.5
2959;10.5
2960;10.4
2961;10.9
2962;10.1
2963;10.7
2964;12.4
2965;16.1
2966;16.5
2967;17.8
2968;18.4
2969;19.5
2970;20.3
2971;19.8
2972;17.2
2973;14.8
2974;15.4
2975;15.2
2976;12.1
2977;14.7
2978;13.0
2979;13.9
2980;12.2
2981;12.2
2982;10.7
2983;11.0
2984;10.1
2985;11.0
2986;10.0
2987;10.3
2988;11.8
2989;11.6
2990;11.0
2991;11.3
2992;13.1
2993;11.3
2994;11.0
2995;11.0
2996;11.0
2997;10.5
2998;9.8
2999;9.6
3000;9.2
3001;9.2
3002;8.8
3003;7.9
3004;7.9
3005;8.6
3006;8.1
3007;7.8
3008;8.4
3009;8.7
3010;7.9
3011;8.2
3012;8.3
3013;9.7
3014;10.3
3015;12.3
3016;13.7
3017;16.2
3018;15.9
3019;14.1
3020;14.5
3021;13.1
3022;12.4
3023;13.1
3024;13.2
3025;12.6
3026;11.9
3027;10.8
3028;12.2
3029;11.1
3030;11.9
3031;11.8
3032;10.2
3033;9.5
3034;9.7
3035;10.3
3036;11.9
3037;14.1
3038;17.9
3039;15.8
3040;17.4
3041;17.9
3042;18.9
3043;19.6
3044;19.1
3045;15.7
3046;12.6
3047;12.4
3048;10.4
3049;10.1
3050;10.0
3051;9.8
3052;9.6
3053;9.7
3054;9.9
3055;9.0
3056;8.4
3057;8.6
3058;9.1
3059;9.1
3060;9.8
3061;11.6
3062;13.1
3063;15.4
3064;18.2
3065;17.1
3066;15.9
3067;17.5
3068;16.6
3069;14.6
3070;12.3
3071;10.4
3072;11.1
3073;10.3
3074;9.9
3075;11.7
3076;10.0
3077;10.7
3078;10.7
3079;10.4
3080;11.5
3081;11.3
3082;11.1
3083;12.7
3084;12.4
3085;16.9
3086;17.4
3087;14.9
3088;13.8
3089;10.5
3090;10.6
3091;10.4
3092;10.1
3093;10.0
3094;9.9
3095;10.2
3096;10.2
3097;10.4
3098;10.1
3099;10.1
3100;10.2
3101;10.3
3102;10.1
3103;10.2
3104;10.1
3105;10.0
3106;10.0
3107;9.7
3108;9.9
3109;10.4
3110;10.9
3111;11.2
3112;11.7
3113;12.3
3114;11.9
3115;11.9
3116;11.5
3117;10.7
3118;9.0
3119;8.0
3120;7.5
3121;7.2
3122;7.6
3123;7.7
3124;8.1
3125;8.3
3126;8.6
3127;8.7
3128;8.6
3129;8.5
3130;8.3
3131;8.0
3132;7.9
3133;8.2
3134;8.4
3135;9.5
3136;10.0
3137;10.2
3138;9.7
3139;9.6
3140;9.6
3141;9.1
3142;9.1
3143;8.3
3144;8.1
3145;7.4
3146;7.0
3147;8.0
3148;8.1
3149;7.6
3150;7.6
3151;8.3
3152;8.1
3153;8.0
3154;8.2
3155;8.0
3156;8.2
3157;8.5
3158;9.3
3159;10.4
3160;11.5
3161;13.0
3162;14.6
3163;12.0
3164;10.9
3165;9.9
3166;10.1
3167;10.2
3168;10.0
3169;10.0
3170;10.4
3171;10.3
3172;10.4
3173;10.2
3174;10.7
3175;10.3
3176;10.6
3177;8.9
3178;9.6
3179;10.6
3180;10.7
3181;11.2
3182;11.7
3183;12.4
3184;12.8
3185;13.5
3186;13.8
3187;13.6
3188;13.6
3189;13.1
3190;12.9
3191;12.7
3192;12.8
3193;12.3
3194;12.3
3195;11.9
3196;11.8
3197;11.6
3198;11.7
3199;12.1
3200;12.4
3201;12.6
3202;11.9
3203;12.3
3204;13.7
3205;14.4
3206;15.6
3207;15.7
3208;17.6
3209;16.4
3210;16.4
3211;17.7
3212;17.1
3213;14.9
3214;13.8
3215;13.3
3216;13.5
3217;12.6
3218;11.9
3219;11.4
3220;12.1
3221;11.9
3222;11.0
3223;9.7
3224;9.2
3225;9.2
3226;9.2
3227;9.3
3228;10.0
3229;15.4
3230;18.1
3231;20.3
3232;22.4
3233;22.2
3234;21.6
3235;19.8
3236;18.7
3237;15.9
3238;14.4
3239;13.3
3240;12.7
3241;12.5
3242;13.1
3243;12.5
3244;11.5
3245;11.3
3246;12.3
3247;11.2
3248;11.4
3249;10.9
3250;10.8
3251;10.6
3252;11.2
3253;13.7
3254;14.7
3255;16.2
3256;17.8
3257;16.8
3258;16.6
3259;16.3
3260;15.4
3261;14.2
3262;13.3
3263;12.7
3264;13.3
3265;12.7
3266;12.6
3267;12.6
3268;12.2
3269;12.2
3270;11.9
3271;11.9
3272;12.1
3273;12.6
3274;12.7
3275;12.9
3276;13.4
3277;15.7
3278;17.1
3279;16.8
3280;17.2
3281;18.2
3282;16.1
3283;15.1
3284;14.7
3285;14.8
3286;14.3
3287;13.6
3288;13.6
3289;13.4
3290;13.0
3291;13.5
3292;12.9
3293;12.0
3294;11.8
3295;11.4
3296;11.6
3297;11.5
3298;11.9
3299;12.2
3300;13.1
3301;17.1
3302;18.4
3303;17.7
3304;18.0
3305;18.5
3306;18.4
3307;18.6
3308;17.8
3309;16.3
3310;14.6
3311;14.0
3312;13.6
3313;12.7
3314;12.3
3315;11.7
3316;11.1
3317;11.3
3318;11.0
3319;10.9
3320;9.7
3321;9.3
3322;9.4
3323;9.1
3324;9.6
3325;12.1
3326;14.3
3327;16.8
3328;18.6
3329;19.8
3330;19.3
3331;18.5
3332;17.8
3333;14.7
3334;12.7
3335;11.8
3336;11.7
3337;11.3
3338;10.7
3339;10.2
3340;9.9
3341;10.0
3342;9.8
3343;8.6
3344;8.2
3345;8.0
3346;6.5
3347;6.5
3348;7.9
3349;10.9
3350;12.7
3351;12.8
3352;13.2
3353;15.6
3354;13.3
3355;13.0
3356;13.8
3357;11.6
3358;8.8
3359;7.6
3360;7.7
3361;7.7
3362;8.0
3363;7.2
3364;6.7
3365;6.7
3366;6.8
3367;6.9
3368;7.1
3369;6.5
3370;6.3
3371;6.2
3372;7.1
3373;9.8
3374;11.2
3375;13.0
3376;14.1
3377;14.3
3378;14.5
3379;15.0
3380;14.2
3381;12.9
3382;10.7
3383;9.3
3384;8.5
3385;7.9
3386;9.2
3387;8.4
3388;8.2
3389;8.2
3390;7.2
3391;7.0
3392;6.4
3393;5.8
3394;5.7
3395;6.5
3396;6.7
3397;10.1
3398;10.3
3399;10.0
3400;11.3
3401;11.1
3402;11.1
3403;10.9
3404;10.4
3405;9.6
3406;7.2
3407;6.2
3408;7.2
3409;5.1
3410;5.2
3411;5.1
3412;5.1
3413;5.4
3414;5.1
3415;5.1
3416;4.4
3417;4.2
3418;4.4
3419;4.3
3420;6.1
3421;9.8
3422;11.2
3423;11.1
3424;12.3
3425;12.5
3426;13.4
3427;14.2
3428;13.0
3429;9.4
3430;5.9
3431;5.3
3432;4.8
3433;4.9
3434;4.7
3435;5.1
3436;4.0
3437;3.8
3438;3.9
3439;3.2
3440;4.1
3441;4.5
3442;3.9
3443;3.1
3444;5.4
3445;10.0
3446;12.4
3447;14.5
3448;13.4
3449;14.4
3450;16.1
3451;15.6
3452;13.8
3453;9.5
3454;6.8
3455;6.4
3456;5.9
3457;5.3
3458;5.0
3459;5.1
3460;4.9
3461;4.6
3462;4.8
3463;4.4
3464;4.3
3465;4.0
3466;4.4
3467;3.0
3468;4.4
3469;8.0
3470;10.0
3471;10.4
3472;10.9
3473;11.9
3474;12.8
3475;12.3
3476;11.2
3477;8.0
3478;5.2
3479;4.5
3480;4.3
3481;4.0
3482;4.1
3483;3.6
3484;3.5
3485;3.6
3486;3.4
3487;3.7
3488;3.3
3489;3.1
3490;3.2
3491;3.3
3492;5.0
3493;8.1
3494;9.3
3495;10.9
3496;10.8
3497;11.1
3498;11.0
3499;11.1
3500;10.4
3501;8.7
3502;8.5
3503;8.7
3504;8.6
3505;8.7
3506;8.4
3507;8.1
3508;8.2
3509;8.3
3510;8.3
3511;7.7
3512;7.9
3513;7.3
3514;7.3
3515;7.7
3516;8.1
3517;10.8
3518;12.3
3519;12.5
3520;12.5
3521;12.6
3522;12.0
3523;11.8
3524;11.4
3525;10.8
3526;10.2
3527;10.3
3528;10.3
3529;10.3
3530;10.6
3531;10.1
3532;10.2
3533;10.4
3534;10.7
3535;11.2
3536;11.5
3537;11.1
3538;8.9
3539;8.3
3540;8.3
3541;7.9
3542;8.1
3543;8.3
3544;8.6
3545;9.2
3546;9.3
3547;9.7
3548;9.9
3549;10.1
3550;10.6
3551;11.7
3552;11.8
3553;12.1
3554;12.1
3555;12.2
3556;13.0
3557;11.5
3558;11.9
3559;12.4
3560;12.7
3561;12.8
3562;13.2
3563;12.9
3564;12.8
3565;13.0
3566;13.8
3567;14.2
3568;15.0
3569;15.3
3570;15.0
3571;14.0
3572;13.1
3573;12.5
3574;12.6
3575;12.1
3576;12.5
3577;12.6
3578;12.6
3579;12.3
3580;12.0
3581;11.9
3582;12.4
3583;12.2
3584;11.8
3585;11.3
3586;12.4
3587;11.2
3588;12.1
3589;12.8
3590;13.1
3591;14.1
3592;16.3
3593;16.7
3594;14.8
3595;14.3
3596;14.1
3597;13.0
3598;11.1
3599;10.7
3600;10.8
3601;10.2
3602;9.7
3603;9.4
3604;10.2
3605;9.1
3606;8.7
3607;9.2
3608;8.8
3609;8.2
3610;8.7
3611;8.6
3612;10.4
3613;12.7
3614;15.0
3615;17.0
3616;16.4
3617;17.6
3618;18.8
3619;17.5
3620;16.8
3621;13.8
3622;11.7
3623;10.6
3624;10.7
3625;10.8
3626;10.8
3627;10.6
3628;10.7
3629;10.5
3630;10.0
3631;9.9
3632;9.7
3633;9.3
3634;9.2
3635;9.0
3636;8.9
3637;9.3
3638;10.6
3639;13.0
3640;16.5
3641;15.2
3642;
3643;15.5
3644;15.0
3645;12.5
3646;11.4
3647;11.3
3648;10.7
3649;9.6
3650;9.3
3651;9.3
3652;9.6
3653;9.0
3654;8.7
3655;8.6
3656;9.2
3657;8.7
3658;7.6
3659;8.6
3660;8.4
3661;8.8
3662;9.7
3663;11.1
3664;12.0
3665;12.9
3666;15.2
3667;13.1
3668;12.6
3669;11.8
3670;10.1
3671;9.7
3672;10.0
3673;10.6
3674;10.5
3675;10.6
3676;10.6
3677;10.5
3678;10.1
3679;9.8
3680;9.4
3681;9.3
3682;9.2
3683;8.5
3684;8.6
3685;10.5
3686;13.8
3687;16.8
3688;17.9
3689;19.1
3690;18.7
3691;18.1
3692;16.4
3693;13.5
3694;12.0
3695;11.9
3696;12.2
3697;10.6
3698;10.9
3699;11.0
3700;10.3
3701;11.8
3702;11.6
3703;11.1
3704;10.2
3705;10.7
3706;10.5
3707;11.7
3708;11.1
3709;15.3
3710;15.6
3711;16.5
3712;17.5
3713;17.5
3714;16.4
3715;16.1
3716;15.3
3717;13.6
3718;12.0
3719;11.5
3720;11.0
3721;9.4
3722;9.1
3723;8.3
3724;9.0
3725;8.4
3726;8.4
3727;8.2
3728;8.7
3729;8.5
3730;8.0
3731;8.3
3732;8.6
3733;8.7
3734;9.3
3735;9.4
3736;9.5
3737;9.8
3738;9.9
3739;9.6
3740;9.6
3741;9.6
3742;9.6
3743;9.3
3744;9.1
3745;8.9
3746;8.7
3747;8.6
3748;8.5
3749;8.3
3750;8.2
3751;8.1
3752;7.9
3753;7.8
3754;7.7
3755;7.8
3756;7.7
3757;7.9
3758;8.3
3759;9.5
3760;9.9
3761;10.8
3762;11.6
3763;10.8
3764;10.6
3765;9.0
3766;7.8
3767;7.8
3768;8.3
3769;8.3
3770;8.5
3771;8.0
3772;7.8
3773;7.6
3774;7.3
3775;7.0
3776;7.0
3777;6.9
3778;7.0
3779;6.8
3780;7.1
3781;7.0
3782;7.9
3783;8.7
3784;9.9
3785;10.2
3786;9.5
3787;9.3
3788;9.1
3789;8.7
3790;7.7
3791;8.7
3792;8.8
3793;8.8
3794;9.0
3795;8.9
3796;8.9
3797;8.6
3798;8.6
3799;8.6
3800;8.7
3801;9.1
3802;9.2
3803;9.3
3804;9.3
3805;10.1
3806;11.7
3807;11.4
3808;12.0
3809;13.1
3810;12.6
3811;12.8
3812;11.6
3813;11.0
3814;9.8
3815;9.2
3816;8.9
3817;8.4
3818;8.8
3819;7.9
3820;8.3
3821;8.1
3822;7.2
3823;6.6
3824;6.7
3825;7.5
3826;7.4
3827;6.8
3828;7.8
3829;10.2
3830;12.7
3831;13.9
3832;14.1
3833;14.6
3834;15.4
3835;15.2
3836;13.7
3837;11.6
3838;10.0
3839;9.5
3840;9.1
3841;9.1
3842;8.9
3843;9.0
3844;8.6
3845;9.5
3846;8.6
3847;8.0
3848;7.3
3849;7.2
3850;7.6
3851;7.3
3852;7.8
3853;10.9
3854;12.3
3855;14.6
3856;14.7
3857;14.1
3858;14.7
3859;14.4
3860;13.8
3861;11.4
3862;9.8
3863;9.0
3864;9.0
3865;8.9
3866;8.2
3867;7.8
3868;7.3
3869;7.7
3870;7.5
3871;6.5
3872;6.0
3873;7.1
3874;6.5
3875;7.7
3876;8.2
3877;10.3
3878;13.2
3879;15.2
3880;16.8
3881;17.7
3882;17.8
3883;16.6
3884;15.0
3885;11.8
3886;9.8
3887;9.2
3888;9.6
3889;9.2
3890;8.7
3891;8.4
3892;8.1
3893;7.5
3894;5.5
3895;6.7
3896;6.7
3897;7.1
3898;7.6
3899;8.0
3900;9.0
3901;11.2
3902;12.6
3903;16.0
3904;16.7
3905;16.9
3906;16.3
3907;15.4
3908;13.6
3909;11.4
3910;10.0
3911;9.9
3912;10.3
3913;10.1
3914;9.5
3915;9.4
3916;8.8
3917;8.3
3918;8.7
3919;9.0
3920;9.0
3921;8.5
3922;8.6
3923;8.0
3924;8.8
3925;10.5
3926;10.8
3927;11.2
3928;11.6
3929;11.5
3930;12.0
3931;11.4
3932;11.3
3933;10.4
3934;9.4
3935;8.4
3936;8.4
3937;8.0
3938;7.3
3939;7.9
3940;8.0
3941;8.1
3942;7.7
3943;7.5
3944;7.5
3945;7.2
3946;7.2
3947;7.2
3948;8.0
3949;9.4
3950;9.6
3951;10.1
3952;10.5
3953;11.0
3954;11.1
3955;11.3
3956;11.1
3957;10.6
3958;10.5
3959;10.4
3960;10.1
3961;10.1
3962;10.0
3963;9.8
3964;9.8
3965;9.9
3966;9.7
3967;9.5
3968;9.1
3969;8.8
3970;8.6
3971;9.0
3972;9.4
3973;10.7
3974;11.5
3975;12.5
3976;13.3
3977;13.2
3978;12.0
3979;12.1
3980;11.3
3981;11.2
3982;11.1
3983;11.2
3984;11.2
3985;10.3
3986;9.9
3987;9.6
3988;8.8
3989;9.2
3990;8.9
3991;9.6
3992;9.8
3993;9.6
3994;9.4
3995;8.4
3996;8.3
3997;9.2
3998;9.7
3999;14.0
4000;15.8
4001;14.6
4002;13.3
4003;12.9
4004;11.3
4005;11.8
4006;12.1
4007;12.0
4008;11.7
4009;10.8
4010;10.3
4011;9.9
4012;10.5
4013;10.9
4014;10.8
4015;10.9
4016;10.8
4017;10.2
4018;10.8
4019;10.7
4020;10.4
4021;10.3
4022;10.4
4023;10.8
4024;12.5
4025;11.9
4026;11.7
4027;11.7
4028;11.2
4029;11.6
4030;11.4
4031;11.4
4032;11.4
4033;11.1
4034;10.7
4035;10.1
4036;9.8
4037;10.1
4038;10.5
4039;10.5
4040;11.0
4041;10.4
4042;10.1
4043;9.1
4044;9.7
4045;12.4
4046;11.9
4047;11.9
4048;13.8
4049;13.8
4050;13.7
4051;13.4
4052;13.0
4053;12.3
4054;11.7
4055;11.4
4056;11.1
4057;10.9
4058;10.6
4059;10.4
4060;10.1
4061;10.4
4062;9.9
4063;9.6
4064;9.2
4065;8.9
4066;8.9
4067;8.9
4068;9.7
4069;12.9
4070;13.6
4071;13.9
4072;13.6
4073;14.4
4074;13.3
4075;13.4
4076;11.6
4077;10.6
4078;10.4
4079;10.4
4080;10.4
4081;10.4
4082;10.2
4083;10.1
4084;10.2
4085;9.7
4086;8.7
4087;8.5
4088;8.0
4089;8.1
4090;8.1
4091;8.4
4092;13.4
4093;9.8
4094;11.3
4095;13.1
4096;13.7
4097;13.2
4098;13.7
4099;13.6
4100;13.4
4101;11.8
4102;10.3
4103;9.9
4104;8.8
4105;9.4
4106;9.2
4107;9.0
4108;9.5
4109;9.0
4110;8.0
4111;7.8
4112;7.9
4113;7.4
4114;7.8
4115;7.6
4116;8.3
4117;11.4
4118;13.1
4119;13.4
4120;12.9
4121;11.8
4122;11.7
4123;10.2
4124;10.2
4125;10.4
4126;10.1
4127;9.2
4128;8.8
4129;8.2
4130;8.0
4131;7.7
4132;7.4
4133;7.6
4134;6.5
4135;6.6
4136;6.3
4137;6.9
4138;6.5
4139;6.9
4140;7.2
4141;11.2
4142;13.7
4143;13.7
4144;16.9
4145;18.0
4146;18.8
4147;18.0
4148;16.5
4149;13.9
4150;11.1
4151;10.8
4152;10.1
4153;10.6
4154;10.3
4155;9.5
4156;9.8
4157;9.5
4158;8.8
4159;8.8
4160;8.6
4161;8.7
4162;9.0
4163;9.0
4164;9.5
4165;13.2
4166;13.7
4167;16.6
4168;17.4
4169;16.4
4170;17.3
4171;16.3
4172;15.7
4173;14.4
4174;12.8
4175;11.7
4176;11.9
4177;11.9
4178;12.2
4179;11.1
4180;11.2
4181;10.9
4182;10.5
4183;10.9
4184;11.0
4185;9.3
4186;9.6
4187;8.9
4188;10.5
4189;14.2
4190;13.5
4191;14.6
4192;16.6
4193;16.1
4194;14.7
4195;14.5
4196;11.6
4197;9.7
4198;9.3
4199;9.0
4200;9.1
4201;8.8
4202;8.7
4203;8.5
4204;8.6
4205;8.4
4206;8.5
4207;8.6
4208;9.1
4209;8.9
4210;8.2
4211;8.1
4212;8.2
4213;8.7
4214;8.3
4215;9.0
4216;9.7
4217;9.8
4218;10.7
4219;10.9
4220;10.3
4221;10.0
4222;10.0
4223;10.0
4224;9.7
4225;8.7
4226;7.8
4227;6.9
4228;6.7
4229;6.2
4230;6.0
4231;6.2
4232;6.2
4233;5.7
4234;5.4
4235;5.2
4236;5.6
4237;9.0
4238;10.5
4239;11.7
4240;12.5
4241;13.0
4242;13.1
4243;12.8
4244;11.9
4245;9.8
4246;7.9
4247;7.1
4248;7.2
4249;6.0
4250;5.9
4251;5.8
4252;7.1
4253;6.7
4254;7.6
4255;7.1
4256;7.4
4257;7.5
4258;7.2
4259;7.2
4260;7.5
4261;9.8
4262;10.4
4263;11.3
4264;12.1
4265;12.9
4266;13.2
4267;13.2
4268;12.3
4269;10.7
4270;9.9
4271;9.0
4272;8.4
4273;8.5
4274;8.1
4275;8.3
4276;7.9
4277;7.6
4278;6.5
4279;6.3
4280;5.9
4281;6.0
4282;6.6
4283;6.9
4284;8.1
4285;11.2
4286;13.0
4287;14.3
4288;15.0
4289;15.9
4290;15.9
4291;15.4
4292;14.4
4293;11.2
4294;9.3
4295;8.2
4296;8.6
4297;8.2
4298;8.2
4299;7.7
4300;7.9
4301;7.2
4302;6.6
4303;6.1
4304;5.7
4305;5.4
4306;5.7
4307;5.5
4308;6.6
4309;10.4
4310;12.1
4311;12.3
4312;14.0
4313;14.7
4314;14.3
4315;13.9
4316;12.7
4317;10.3
4318;8.4
4319;7.2
4320;7.0
4321;7.2
4322;6.9
4323;6.6
4324;6.4
4325;6.0
4326;5.6
4327;5.4
4328;5.7
4329;5.7
4330;6.0
4331;6.4
4332;7.7
4333;8.5
4334;7.6
4335;8.3
4336;8.8
4337;9.2
4338;9.8
4339;10.2
4340;9.9
4341;9.1
4342;7.6
4343;7.2
4344;6.6
4345;6.3
4346;6.1
4347;6.0
4348;5.8
4349;5.2
4350;5.6
4351;5.1
4352;6.1
4353;6.2
4354;5.5
4355;5.2
4356;7.4
4357;9.8
4358;12.7
4359;14.3
4360;15.7
4361;17.4
4362;16.2
4363;15.4
4364;14.4
4365;12.5
4366;10.7
4367;9.6
4368;9.0
4369;7.6
4370;7.2
4371;8.0
4372;7.7
4373;7.8
4374;7.9
4375;7.9
4376;8.1
4377;8.4
4378;8.1
4379;8.3
4380;9.1
4381;9.8
4382;9.5
4383;9.6
4384;10.5
4385;10.5
4386;11.1
4387;10.7
4388;10.5
4389;10.1
4390;10.3
4391;10.0
4392;10.0
4393;10.0
4394;9.8
4395;9.7
4396;9.8
4397;9.9
4398;9.7
4399;9.7
4400;10.0
4401;9.6
4402;9.7
4403;9.6
4404;9.9
4405;10.5
4406;10.2
4407;9.6
4408;9.5
4409;10.0
4410;10.1
4411;10.3
4412;9.8
4413;9.8
4414;8.6
4415;10.1
4416;8.8
4417;8.8
4418;10.0
4419;10.1
4420;10.1
4421;9.9
4422;9.9
4423;9.8
4424;9.6
4425;9.2
4426;8.0
4427;8.2
4428;9.0
4429;9.4
4430;7.9
4431;8.2
4432;8.7
4433;9.7
4434;8.9
4435;9.1
4436;8.8
4437;8.3
4438;8.3
4439;8.1
4440;7.8
4441;7.4
4442;7.4
4443;6.9
4444;6.4
4445;6.6
4446;5.9
4447;6.7
4448;7.7
4449;7.5
4450;6.4
4451;6.9
4452;7.1
4453;8.9
4454;8.2
4455;11.9
4456;12.4
4457;12.2
4458;12.3
4459;12.6
4460;12.4
4461;10.6
4462;8.7
4463;7.3
4464;6.9
4465;6.8
4466;6.4
4467;6.3
4468;6.3
4469;6.4
4470;5.8
4471;6.0
4472;5.8
4473;5.7
4474;6.6
4475;7.0
4476;7.4
4477;9.9
4478;13.1
4479;13.8
4480;14.4
4481;15.7
4482;17.1
4483;15.4
4484;14.2
4485;11.7
4486;9.7
4487;8.7
4488;8.4
4489;8.3
4490;8.8
4491;8.5
4492;8.0
4493;7.1
4494;7.8
4495;7.7
4496;7.0
4497;6.8
4498;7.0
4499;5.4
4500;7.4
4501;8.0
4502;8.7
4503;9.5
4504;9.6
4505;9.5
4506;9.6
4507;10.0
4508;10.1
4509;10.2
4510;10.0
4511;10.2
4512;10.2
4513;10.5
4514;10.5
4515;10.5
4516;10.3
4517;6.8
4518;6.6
4519;6.8
4520;6.2
4521;6.2
4522;5.2
4523;4.9
4524;6.2
4525;7.3
4526;8.8
4527;9.8
4528;9.8
4529;6.0
4530;8.3
4531;8.7
4532;7.8
4533;7.3
4534;7.0
4535;6.8
4536;6.6
4537;6.3
4538;6.3
4539;5.6
4540;5.6
4541;5.3
4542;5.3
4543;5.8
4544;5.8
4545;5.9
4546;5.6
4547;5.8
4548;6.1
4549;6.3
4550;6.4
4551;6.4
4552;6.4
4553;7.1
4554;7.1
4555;6.8
4556;6.4
4557;6.4
4558;6.1
4559;6.0
4560;5.9
4561;5.5
4562;4.5
4563;4.2
4564;4.0
4565;3.9
4566;3.9
4567;3.6
4568;4.2
4569;3.6
4570;3.8
4571;4.2
4572;5.2
4573;7.7
4574;9.2
4575;9.9
4576;10.4
4577;10.8
4578;11.2
4579;11.6
4580;10.9
4581;9.1
4582;7.3
4583;6.4
4584;5.7
4585;5.6
4586;5.4
4587;5.3
4588;4.7
4589;4.6
4590;4.7
4591;5.1
4592;5.4
4593;4.7
4594;5.4
4595;4.4
4596;5.6
4597;8.5
4598;10.0
4599;11.2
4600;11.9
4601;12.4
4602;13.6
4603;14.7
4604;12.9
4605;10.6
4606;9.3
4607;8.2
4608;7.8
4609;8.1
4610;9.6
4611;9.7
4612;9.3
4613;7.7
4614;8.1
4615;7.7
4616;7.3
4617;7.2
4618;8.9
4619;8.9
4620;10.0
4621;12.8
4622;15.4
4623;17.5
4624;17.4
4625;17.1
4626;18.4
4627;18.6
4628;17.4
4629;13.2
4630;10.5
4631;10.0
4632;9.7
4633;9.9
4634;9.9
4635;9.5
4636;9.8
4637;8.9
4638;9.8
4639;9.1
4640;9.3
4641;8.1
4642;8.3
4643;8.8
4644;10.3
4645;13.7
4646;16.1
4647;14.7
4648;16.7
4649;17.5
4650;16.1
4651;17.9
4652;16.3
4653;14.6
4654;11.1
4655;9.7
4656;9.1
4657;8.8
4658;8.8
4659;9.3
4660;8.8
4661;7.9
4662;6.8
4663;7.6
4664;6.5
4665;7.2
4666;6.1
4667;5.9
4668;7.3
4669;10.9
4670;10.9
4671;11.6
4672;15.0
4673;15.2
4674;15.4
4675;15.1
4676;14.7
4677;12.2
4678;9.9
4679;9.6
4680;9.0
4681;9.3
4682;8.9
4683;8.4
4684;7.6
4685;7.2
4686;7.5
4687;6.4
4688;6.1
4689;5.7
4690;5.6
4691;5.6
4692;6.1
4693;7.6
4694;10.1
4695;11.8
4696;12.4
4697;12.6
4698;13.1
4699;14.3
4700;14.1
4701;14.5
4702;11.4
4703;10.8
4704;10.5
4705;8.6
4706;7.6
4707;7.7
4708;8.5
4709;7.8
4710;7.5
4711;6.5
4712;6.1
4713;6.4
4714;7.8
4715;8.5
4716;8.8
4717;13.0
4718;14.7
4719;15.3
4720;13.1
4721;12.1
4722;12.1
4723;11.8
4724;11.0
4725;10.2
4726;9.7
4727;9.7
4728;9.7
4729;9.5
4730;9.5
4731;9.5
4732;7.7
4733;8.0
4734;7.0
4735;7.8
4736;7.4
4737;7.3
4738;7.2
4739;7.3
4740;7.8
4741;8.5
4742;9.1
4743;10.2
4744;10.9
4745;11.0
4746;9.8
4747;10.2
4748;11.0
4749;9.9
4750;9.4
4751;9.4
4752;9.4
4753;9.3
4754;8.8
4755;9.2
4756;9.3
4757;9.3
4758;9.2
4759;9.0
4760;8.8
4761;8.9
4762;8.9
4763;9.0
4764;8.9
4765;9.2
4766;9.3
4767;9.8
4768;9.9
4769;9.7
4770;10.0
4771;9.9
4772;9.9
4773;9.8
4774;9.6
4775;9.8
4776;9.6
4777;9.5
4778;9.6
4779;9.5
4780;9.4
4781;9.4
4782;9.3
4783;9.0
4784;8.9
4785;9.1
4786;9.3
4787;9.4
4788;9.7
4789;9.8
4790;10.0
4791;10.2
4792;10.5
4793;11.3
4794;10.9
4795;10.9
4796;10.6
4797;10.5
4798;10.3
4799;9.9
4800;10.2
4801;10.4
4802;10.3
4803;10.2
4804;10.3
4805;10.0
4806;9.8
4807;10.0
4808;9.6
4809;9.8
4810;9.8
4811;9.4
4812;10.2
4813;12.0
4814;13.1
4815;12.8
4816;13.4
4817;14.1
4818;13.5
4819;13.5
4820;13.5
4821;12.0
4822;10.7
4823;9.3
4824;9.1
4825;9.8
4826;10.4
4827;10.0
4828;8.4
4829;9.1
4830;8.3
4831;8.3
4832;8.3
4833;8.0
4834;7.9
4835;7.2
4836;7.7
4837;10.2
4838;12.3
4839;13.4
4840;14.4
4841;14.9
4842;14.2
4843;14.1
4844;13.8
4845;12.1
4846;9.8
4847;8.8
4848;8.3
4849;8.6
4850;7.9
4851;8.1
4852;7.6
4853;7.1
4854;7.5
4855;7.2
4856;6.7
4857;7.4
4858;6.7
4859;6.2
4860;8.6
4861;11.6
4862;13.7
4863;15.7
4864;16.2
4865;17.4
4866;18.6
4867;16.4
4868;16.1
4869;14.1
4870;12.0
4871;11.2
4872;10.0
4873;9.8
4874;10.8
4875;11.4
4876;10.0
4877;10.8
4878;10.5
4879;9.3
4880;9.5
4881;9.3
4882;9.0
4883;7.9
4884;9.2
4885;9.2
4886;9.1
4887;9.5
4888;10.0
4889;11.0
4890;10.9
4891;11.1
4892;10.8
4893;10.4
4894;9.9
4895;9.9
4896;9.8
4897;9.9
4898;9.6
4899;9.6
4900;9.3
4901;9.4
4902;9.3
4903;9.2
4904;9.4
4905;9.4
4906;9.4
4907;9.4
4908;9.3
4909;9.3
4910;9.7
4911;10.1
4912;10.2
4913;11.0
4914;11.0
4915;11.3
4916;11.0
4917;10.6
4918;10.4
4919;10.3
4920;10.2
4921;9.9
4922;9.6
4923;9.1
4924;8.1
4925;7.6
4926;6.9
4927;6.9
4928;7.3
4929;7.0
4930;7.0
4931;7.1
4932;8.0
4933;10.9
4934;12.5
4935;14.2
4936;14.0
4937;14.4
4938;14.5
4939;14.6
4940;13.8
4941;12.9
4942;10.0
4943;9.2
4944;9.4
4945;8.9
4946;8.9
4947;8.6
4948;9.0
4949;8.9
4950;8.7
4951;8.5
4952;8.8
4953;9.1
4954;9.0
4955;9.0
4956;9.3
4957;9.7
4958;10.2
4959;10.2
4960;10.5
4961;11.3
4962;12.2
4963;11.4
4964;10.9
4965;10.2
4966;9.7
4967;9.5
4968;9.2
4969;9.1
4970;9.1
4971;9.1
4972;8.8
4973;8.5
4974;8.5
4975;8.5
4976;8.4
4977;8.3
4978;8.4
4979;8.3
4980;8.3
4981;9.6
4982;11.8
4983;12.1
4984;13.0
4985;14.7
4986;14.9
4987;14.2
4988;13.3
4989;12.0
4990;9.2
4991;7.7
4992;7.1
4993;7.4
4994;7.4
4995;7.5
4996;7.4
4997;6.8
4998;6.5
4999;5.9
5000;6.6
5001;6.7
5002;6.7
5003;7.1
5004;6.9
5005;7.8
5006;10.7
5007;11.1
5008;11.8
5009;12.3
5010;13.2
5011;12.4
5012;11.6
5013;10.0
5014;8.6
5015;7.3
5016;6.5
5017;6.2
5018;6.1
5019;6.3
5020;6.5
5021;6.2
5022;6.8
5023;6.0
5024;5.9
5025;5.9
5026;5.7
5027;5.2
5028;6.6
5029;10.3
5030;13.1
5031;15.1
5032;16.1
5033;16.5
5034;14.9
5035;14.5
5036;14.3
5037;12.8
5038;10.9
5039;10.2
5040;10.1
5041;9.6
5042;9.1
5043;8.7
5044;8.4
5045;8.6
5046;8.2
5047;6.8
5048;7.6
5049;6.8
5050;7.4
5051;8.5
5052;9.7
5053;13.2
5054;15.1
5055;16.0
5056;16.2
5057;16.9
5058;16.8
5059;15.8
5060;14.2
5061;11.4
5062;10.3
5063;10.3
5064;9.5
5065;10.1
5066;10.2
5067;10.1
5068;10.2
5069;10.1
5070;9.8
5071;9.6
5072;9.3
5073;9.7
5074;9.8
5075;9.5
5076;9.5
5077;9.5
5078;10.7
5079;11.8
5080;13.5
5081;11.3
5082;10.3
5083;10.4
5084;9.0
5085;9.1
5086;8.9
5087;8.5
5088;8.8
5089;8.5
5090;8.4
5091;8.2
5092;8.3
5093;8.2
5094;8.5
5095;8.5
5096;8.0
5097;7.9
5098;7.7
5099;7.9
5100;8.1
5101;7.9
5102;8.5
5103;10.0
5104;10.8
5105;11.0
5106;11.6
5107;11.6
5108;11.3
5109;10.8
5110;9.0
5111;7.4
5112;7.1
5113;6.6
5114;6.4
5115;6.5
5116;6.8
5117;6.5
5118;6.8
5119;7.1
5120;6.1
5121;6.2
5122;6.9
5123;7.2
5124;7.9
5125;10.7
5126;13.2
5127;14.8
5128;15.5
5129;15.9
5130;16.1
5131;16.8
5132;16.3
5133;13.4
5134;11.0
5135;10.6
5136;9.5
5137;9.5
5138;9.5
5139;9.0
5140;8.5
5141;8.3
5142;7.2
5143;7.6
5144;8.6
5145;9.6
5146;11.4
5147;10.7
5148;12.5
5149;15.1
5150;16.1
5151;19.1
5152;19.8
5153;19.8
5154;19.8
5155;19.2
5156;17.6
5157;16.6
5158;13.3
5159;14.2
5160;12.2
5161;11.9
5162;11.3
5163;11.2
5164;10.6
5165;10.4
5166;10.6
5167;9.2
5168;8.9
5169;8.7
5170;8.1
5171;7.5
5172;8.1
5173;10.4
5174;12.5
5175;13.3
5176;13.2
5177;14.8
5178;15.2
5179;14.5
5180;14.2
5181;12.8
5182;9.2
5183;8.0
5184;7.3
5185;7.2
5186;7.1
5187;7.3
5188;7.3
5189;6.7
5190;6.2
5191;6.1
5192;6.0
5193;5.1
5194;4.8
5195;5.2
5196;6.3
5197;7.7
5198;10.4
5199;9.9
5200;8.2
5201;8.5
5202;8.5
5203;11.9
5204;11.1
5205;10.5
5206;9.4
5207;9.3
5208;9.4
5209;9.4
5210;9.2
5211;9.2
5212;8.9
5213;8.3
5214;8.3
5215;8.4
5216;8.3
5217;7.5
5218;6.6
5219;7.3
5220;9.3
5221;10.8
5222;12.3
5223;11.7
5224;12.5
5225;12.6
5226;13.1
5227;12.5
5228;12.9
5229;11.4
5230;9.5
5231;8.1
5232;7.3
5233;7.2
5234;7.3
5235;7.2
5236;6.5
5237;6.9
5238;6.6
5239;7.1
5240;6.6
5241;6.8
5242;6.0
5243;6.0
5244;7.6
5245;11.8
5246;14.1
5247;15.4
5248;15.7
5249;16.1
5250;15.9
5251;16.9
5252;16.9
5253;13.9
5254;11.1
5255;9.7
5256;9.4
5257;9.1
5258;8.7
5259;8.5
5260;8.2
5261;7.6
5262;7.4
5263;7.5
5264;7.4
5265;7.1
5266;7.4
5267;7.7
5268;8.5
5269;9.3
5270;9.6
5271;12.7
5272;12.4
5273;10.4
5274;10.9
5275;10.7
5276;10.4
5277;10.4
5278;10.4
5279;9.3
5280;9.6
5281;9.7
5282;8.6
5283;8.4
5284;8.0
5285;7.7
5286;7.4
5287;7.0
5288;7.0
5289;6.9
5290;6.3
5291;6.5
5292;7.6
5293;10.2
5294;11.4
5295;12.0
5296;12.1
5297;13.0
5298;13.5
5299;13.3
5300;12.7
5301;10.9
5302;9.7
5303;8.7
5304;8.4
5305;8.1
5306;8.2
5307;7.6
5308;7.2
5309;7.3
5310;6.9
5311;6.6
5312;6.8
5313;6.2
5314;6.6
5315;6.8
5316;8.6
5317;11.6
5318;13.6
5319;14.4
5320;14.2
5321;13.9
5322;13.4
5323;13.4
5324;12.9
5325;11.1
5326;10.9
5327;10.3
5328;10.0
5329;9.7
5330;9.6
5331;9.8
5332;9.8
5333;10.3
5334;9.9
5335;9.2
5336;8.6
5337;8.0
5338;7.8
5339;7.9
5340;8.3
5341;
5342;
5343;
5344;
5345;
5346;
5347;
5348;
5349;
5350;9.3
5351;8.7
5352;8.3
5353;7.7
5354;7.4
5355;7.2
5356;7.1
5357;7.2
5358;6.6
5359;6.9
5360;6.5
5361;6.8
5362;7.1
5363;7.4
5364;9.3
5365;12.2
5366;14.5
5367;16.9
5368;18.3
5369;17.9
5370;18.7
5371;18.5
5372;18.5
5373;16.8
5374;13.4
5375;12.2
5376;11.8
5377;10.8
5378;10.1
5379;10.5
5380;10.1
5381;9.3
5382;10.2
5383;10.7
5384;10.2
5385;10.4
5386;11.2
5387;12.0
5388;13.5
5389;18.0
5390;19.9
5391;19.2
5392;19.3
5393;19.3
5394;20.8
5395;19.3
5396;18.0
5397;17.0
5398;13.6
5399;12.8
5400;11.9
5401;11.5
5402;10.6
5403;9.6
5404;9.3
5405;9.9
5406;9.7
5407;9.0
5408;9.0
5409;9.8
5410;7.9
5411;9.0
5412;12.5
5413;14.5
5414;15.4
5415;16.6
5416;16.6
5417;16.4
5418;16.3
5419;17.2
5420;17.3
5421;16.2
5422;12.7
5423;12.6
5424;12.4
5425;11.3
5426;12.1
5427;10.3
5428;9.6
5429;9.6
5430;9.0
5431;8.4
5432;7.8
5433;7.7
5434;7.1
5435;8.4
5436;8.7
5437;9.2
5438;9.2
5439;9.4
5440;9.8
5441;9.8
5442;9.9
5443;10.0
5444;10.0
5445;9.4
5446;9.3
5447;9.2
5448;9.4
5449;9.2
5450;9.3
5451;9.2
5452;9.1
5453;9.0
5454;8.6
5455;8.4
5456;8.4
5457;8.5
5458;8.4
5459;8.7
5460;8.7
5461;9.1
5462;9.4
5463;9.6
5464;10.1
5465;10.2
5466;10.2
5467;10.5
5468;10.4
5469;10.1
5470;10.2
5471;10.1
5472;10.0
5473;9.6
5474;9.7
5475;9.2
5476;9.0
5477;9.2
5478;9.1
5479;9.0
5480;8.8
5481;8.6
5482;8.7
5483;8.7
5484;9.0
5485;9.5
5486;10.3
5487;11.2
5488;14.3
5489;14.1
5490;15.4
5491;15.8
5492;14.6
5493;11.3
5494;9.7
5495;9.3
5496;9.3
5497;8.8
5498;9.0
5499;8.6
5500;9.0
5501;8.9
5502;8.3
5503;7.8
5504;7.3
5505;7.2
5506;7.3
5507;7.4
5508;8.6
5509;11.1
5510;13.5
5511;14.1
5512;13.2
5513;13.6
5514;16.1
5515;14.9
5516;14.1
5517;14.2
5518;12.0
5519;10.9
5520;10.5
5521;10.5
5522;9.5
5523;9.7
5524;9.2
5525;9.3
5526;9.0
5527;8.8
5528;7.8
5529;7.8
5530;7.5
5531;8.6
5532;12.3
5533;14.1
5534;14.9
5535;16.4
5536;17.8
5537;17.0
5538;18.0
5539;18.0
5540;19.2
5541;16.3
5542;13.1
5543;12.1
5544;10.8
5545;10.8
5546;10.4
5547;9.7
5548;9.3
5549;9.1
5550;8.6
5551;8.2
5552;7.3
5553;7.5
5554;7.4
5555;7.3
5556;8.5
5557;11.3
5558;12.5
5559;11.1
5560;12.1
5561;12.6
5562;13.2
5563;12.3
5564;11.3
5565;10.6
5566;9.7
5567;9.7
5568;9.8
5569;9.8
5570;8.9
5571;8.5
5572;8.0
5573;7.2
5574;6.5
5575;6.6
5576;6.1
5577;6.4
5578;5.9
5579;6.7
5580;8.9
5581;12.3
5582;15.7
5583;16.3
5584;18.2
5585;19.6
5586;19.0
5587;18.7
5588;17.7
5589;16.3
5590;13.3
5591;12.5
5592;11.8
5593;12.3
5594;12.1
5595;11.2
5596;11.4
5597;11.3
5598;11.3
5599;12.9
5600;14.6
5601;14.7
5602;14.3
5603;15.0
5604;18.3
5605;22.1
5606;23.2
5607;23.0
5608;23.2
5609;21.6
5610;17.7
5611;17.0
5612;17.3
5613;15.3
5614;12.1
5615;11.2
5616;11.1
5617;10.2
5618;10.2
5619;9.5
5620;9.0
5621;8.0
5622;8.0
5623;8.1
5624;8.5
5625;8.7
5626;8.6
5627;8.7
5628;9.1
5629;9.1
5630;9.3
5631;9.6
5632;9.8
5633;9.8
5634;10.1
5635;9.9
5636;9.7
5637;9.5
5638;9.5
5639;9.3
5640;9.3
5641;9.4
5642;9.3
5643;9.2
5644;9.0
5645;8.8
5646;8.8
5647;8.7
5648;8.7
5649;8.7
5650;8.7
5651;8.8
5652;9.0
5653;9.0
5654;9.5
5655;9.4
5656;9.6
5657;10.5
5658;10.5
5659;10.7
5660;10.4
5661;10.2
5662;10.1
5663;9.8
5664;9.9
5665;9.7
5666;9.5
5667;9.4
5668;9.4
5669;9.3
5670;9.6
5671;9.2
5672;9.2
5673;9.0
5674;9.0
5675;9.3
5676;9.8
5677;10.1
5678;10.6
5679;10.3
5680;10.8
5681;10.9
5682;11.4
5683;11.4
5684;11.6
5685;11.1
5686;9.4
5687;9.0
5688;9.6
5689;9.5
5690;9.3
5691;9.3
5692;9.3
5693;9.1
5694;9.1
5695;9.2
5696;8.8
5697;7.6
5698;7.1
5699;8.1
5700;10.1
5701;10.9
5702;13.5
5703;15.3
5704;14.8
5705;14.3
5706;14.4
5707;12.8
5708;12.8
5709;11.4
5710;9.9
5711;9.4
5712;8.9
5713;8.7
5714;8.6
5715;9.2
5716;8.4
5717;8.2
5718;8.4
5719;7.1
5720;6.8
5721;6.1
5722;7.0
5723;8.6
5724;11.6
5725;13.7
5726;14.3
5727;14.6
5728;15.5
5729;16.2
5730;17.2
5731;16.9
5732;16.1
5733;14.9
5734;12.1
5735;10.9
5736;10.6
5737;10.8
5738;10.0
5739;9.5
5740;9.4
5741;9.3
5742;9.6
5743;8.3
5744;8.6
5745;7.8
5746;9.4
5747;9.3
5748;10.4
5749;10.1
5750;12.7
5751;14.7
5752;14.8
5753;14.3
5754;14.3
5755;13.5
5756;15.8
5757;15.4
5758;10.7
5759;10.0
5760;10.4
5761;9.3
5762;9.3
5763;10.3
5764;8.6
5765;9.4
5766;9.0
5767;9.1
5768;9.7
5769;9.8
5770;8.4
5771;10.0
5772;12.7
5773;12.9
5774;13.5
5775;14.6
5776;14.1
5777;14.9
5778;16.2
5779;16.9
5780;15.2
5781;10.0
5782;8.2
5783;9.5
5784;10.7
5785;7.6
5786;9.0
5787;8.9
5788;6.8
5789;7.0
5790;6.5
5791;6.1
5792;7.4
5793;7.4
5794;6.5
5795;8.1
5796;8.3
5797;13.5
5798;13.8
5799;14.5
5800;13.0
5801;15.2
5802;11.4
5803;10.9
5804;10.5
5805;10.1
5806;9.6
5807;9.2
5808;8.8
5809;8.9
5810;8.9
5811;8.4
5812;8.5
5813;8.3
5814;8.3
5815;8.0
5816;7.5
5817;7.5
5818;7.7
5819;7.7
5820;8.3
5821;8.6
5822;9.3
5823;9.9
5824;9.9
5825;9.9
5826;9.9
5827;9.5
5828;9.2
5829;8.8
5830;8.7
5831;8.7
5832;8.8
5833;8.8
5834;8.6
5835;8.5
5836;8.5
5837;8.7
5838;8.6
5839;8.6
5840;8.7
5841;8.6
5842;8.1
5843;8.3
5844;8.4
5845;9.7
5846;9.6
5847;10.2
5848;10.1
5849;9.7
5850;9.9
5851;9.9
5852;9.9
5853;9.3
5854;8.7
5855;8.8
5856;8.6
5857;8.5
5858;8.1
5859;7.5
5860;7.5
5861;6.8
5862;6.5
5863;6.3
5864;6.1
5865;6.0
5866;5.9
5867;6.0
5868;6.8
5869;8.1
5870;9.6
5871;9.5
5872;9.9
5873;11.1
5874;12.4
5875;12.7
5876;11.2
5877;10.0
5878;8.2
5879;7.5
5880;7.2
5881;7.0
5882;7.3
5883;7.1
5884;6.8
5885;6.4
5886;6.6
5887;7.0
5888;5.2
5889;4.9
5890;4.0
5891;6.9
5892;9.8
5893;12.2
5894;15.1
5895;14.0
5896;15.2
5897;15.8
5898;16.1
5899;15.8
5900;15.8
5901;15.1
5902;11.3
5903;9.8
5904;9.4
5905;8.6
5906;8.2
5907;7.5
5908;8.1
5909;7.7
5910;6.9
5911;6.0
5912;7.6
5913;7.7
5914;7.4
5915;7.8
5916;8.1
5917;8.8
5918;9.7
5919;9.2
5920;10.1
5921;10.4
5922;10.4
5923;10.5
5924;10.1
5925;9.7
5926;9.6
5927;9.6
5928;9.6
5929;9.5
5930;9.7
5931;9.6
5932;9.7
5933;9.3
5934;9.1
5935;8.8
5936;8.8
5937;8.5
5938;8.5
5939;8.8
5940;9.9
5941;12.1
5942;11.7
5943;14.3
5944;15.1
5945;14.1
5946;14.0
5947;14.0
5948;14.2
5949;12.6
5950;10.1
5951;8.7
5952;8.1
5953;7.7
5954;7.5
5955;7.6
5956;7.4
5957;7.1
5958;7.6
5959;7.0
5960;6.4
5961;5.7
5962;5.2
5963;7.2
5964;11.0
5965;11.1
5966;11.4
5967;11.8
5968;13.6
5969;13.7
5970;14.0
5971;13.4
5972;12.9
5973;11.5
5974;10.8
5975;10.0
5976;10.1
5977;9.7
5978;9.6
5979;9.6
5980;9.5
5981;9.4
5982;9.0
5983;8.7
5984;8.3
5985;7.1
5986;7.0
5987;8.3
5988;10.2
5989;11.0
5990;12.3
5991;12.2
5992;14.2
5993;14.5
5994;15.0
5995;15.1
5996;14.8
5997;12.8
5998;10.7
5999;
6000;8.7
6001;8.4
6002;8.1
6003;7.5
6004;7.6
6005;6.1
6006;6.6
6007;6.7
6008;6.9
6009;7.3
6010;7.2
6011;8.9
6012;14.8
6013;15.9
6014;16.9
6015;18.2
6016;18.6
6017;20.0
6018;21.0
6019;21.1
6020;19.8
6021;16.9
6022;13.9
6023;12.5
6024;11.9
6025;11.2
6026;10.0
6027;10.4
6028;10.5
6029;10.1
6030;10.0
6031;9.2
6032;9.2
6033;9.0
6034;9.0
6035;10.9
6036;13.2
6037;12.0
6038;14.3
6039;13.8
6040;13.2
6041;14.9
6042;16.3
6043;14.3
6044;13.0
6045;11.6
6046;10.1
6047;9.7
6048;9.6
6049;9.4
6050;9.6
6051;9.5
6052;9.5
6053;9.2
6054;9.3
6055;9.4
6056;9.2
6057;9.1
6058;9.0
6059;8.9
6060;8.9
6061;8.8
6062;9.4
6063;9.6
6064;9.8
6065;9.6
6066;10.1
6067;10.5
6068;10.6
6069;10.5
6070;9.6
6071;8.7
6072;8.4
6073;8.5
6074;8.6
6075;8.1
6076;9.1
6077;9.2
6078;9.2
6079;9.2
6080;9.0
6081;9.1
6082;9.1
6083;9.5
6084;10.4
6085;10.5
6086;11.6
6087;11.9
6088;12.6
6089;11.9
6090;12.1
6091;11.6
6092;11.2
6093;10.8
6094;10.4
6095;9.9
6096;9.0
6097;8.7
6098;8.5
6099;8.6
6100;8.9
6101;8.8
6102;8.3
6103;7.9
6104;7.4
6105;7.8
6106;7.6
6107;8.1
6108;9.4
6109;9.7
6110;11.6
6111;11.5
6112;13.1
6113;13.4
6114;13.2
6115;13.0
6116;12.1
6117;10.6
6118;8.8
6119;7.8
6120;7.3
6121;7.1
6122;7.1
6123;6.7
6124;6.5
6125;6.3
6126;6.0
6127;5.8
6128;5.6
6129;5.2
6130;5.5
6131;7.7
6132;11.0
6133;13.0
6134;14.3
6135;15.5
6136;16.1
6137;15.3
6138;14.1
6139;13.2
6140;11.4
6141;10.1
6142;9.3
6143;8.8
6144;8.3
6145;8.2
6146;8.0
6147;7.7
6148;7.2
6149;6.2
6150;5.7
6151;6.1
6152;6.3
6153;6.2
6154;6.1
6155;7.2
6156;8.9
6157;11.0
6158;11.0
6159;13.3
6160;12.0
6161;13.3
6162;12.5
6163;13.2
6164;12.0
6165;10.7
6166;8.6
6167;7.5
6168;7.2
6169;6.8
6170;6.4
6171;5.8
6172;5.7
6173;5.1
6174;3.9
6175;3.9
6176;3.7
6177;3.5
6178;3.6
6179;6.0
6180;9.7
6181;12.1
6182;13.3
6183;14.7
6184;16.0
6185;15.4
6186;15.2
6187;14.9
6188;13.6
6189;11.9
6190;10.1
6191;8.9
6192;8.0
6193;8.7
6194;8.8
6195;8.5
6196;7.6
6197;7.5
6198;8.2
6199;7.9
6200;7.5
6201;8.0
6202;9.3
6203;10.9
6204;13.9
6205;17.1
6206;19.9
6207;21.1
6208;21.8
6209;21.8
6210;21.7
6211;21.6
6212;21.1
6213;18.9
6214;16.4
6215;15.4
6216;14.6
6217;14.7
6218;13.8
6219;13.4
6220;12.9
6221;12.2
6222;12.2
6223;11.4
6224;11.0
6225;11.9
6226;11.7
6227;12.3
6228;13.5
6229;13.0
6230;16.6
6231;17.8
6232;16.9
6233;18.6
6234;18.2
6235;18.3
6236;16.5
6237;14.4
6238;11.1
6239;10.3
6240;9.9
6241;9.9
6242;10.0
6243;9.9
6244;9.7
6245;9.5
6246;9.6
6247;9.4
6248;9.4
6249;9.5
6250;9.6
6251;10.0
6252;10.5
6253;11.4
6254;11.0
6255;10.6
6256;10.8
6257;10.6
6258;11.9
6259;11.6
6260;12.1
6261;11.4
6262;10.6
6263;10.4
6264;10.2
6265;9.6
6266;9.6
6267;9.4
6268;9.4
6269;9.4
6270;9.3
6271;9.3
6272;9.4
6273;9.3
6274;9.4
6275;9.8
6276;10.7
6277;12.5
6278;12.8
6279;14.1
6280;15.4
6281;16.7
6282;15.8
6283;15.0
6284;14.2
6285;11.9
6286;10.6
6287;9.4
6288;9.0
6289;8.0
6290;8.0
6291;8.2
6292;7.2
6293;6.9
6294;6.8
6295;6.2
6296;6.7
6297;6.3
6298;6.3
6299;7.1
6300;9.9
6301;12.1
6302;15.1
6303;17.1
6304;15.2
6305;17.8
6306;17.1
6307;16.5
6308;15.0
6309;12.2
6310;11.7
6311;10.9
6312;10.6
6313;10.5
6314;9.7
6315;9.8
6316;9.1
6317;9.7
6318;9.6
6319;8.5
6320;8.8
6321;8.4
6322;8.5
6323;9.6
6324;11.9
6325;14.3
6326;14.5
6327;15.3
6328;15.9
6329;17.2
6330;17.5
6331;17.6
6332;16.4
6333;15.9
6334;13.3
6335;10.1
6336;10.1
6337;10.1
6338;9.8
6339;9.1
6340;8.7
6341;6.5
6342;7.7
6343;8.6
6344;8.4
6345;8.8
6346;8.8
6347;8.8
6348;9.0
6349;9.6
6350;10.3
6351;10.2
6352;11.1
6353;11.0
6354;11.0
6355;11.5
6356;10.8
6357;10.5
6358;9.7
6359;9.5
6360;9.5
6361;9.4
6362;9.4
6363;9.3
6364;9.5
6365;9.6
6366;9.3
6367;9.3
6368;9.3
6369;9.4
6370;9.3
6371;9.4
6372;9.7
6373;10.0
6374;10.5
6375;10.2
6376;10.4
6377;10.4
6378;10.6
6379;10.4
6380;10.5
6381;10.7
6382;10.5
6383;10.1
6384;10.3
6385;10.1
6386;9.8
6387;9.3
6388;9.0
6389;9.1
6390;9.0
6391;8.9
6392;8.8
6393;8.9
6394;9.0
6395;9.3
6396;10.1
6397;10.8
6398;13.5
6399;17.6
6400;18.4
6401;21.1
6402;20.7
6403;20.4
6404;19.4
6405;16.2
6406;12.1
6407;10.8
6408;10.8
6409;10.1
6410;9.7
6411;9.4
6412;9.6
6413;9.8
6414;9.7
6415;9.9
6416;9.8
6417;9.7
6418;9.8
6419;9.8
6420;9.9
6421;10.2
6422;10.7
6423;10.9
6424;10.7
6425;10.7
6426;10.9
6427;11.2
6428;11.5
6429;11.5
6430;11.2
6431;10.9
6432;10.6
6433;10.6
6434;10.4
6435;10.0
6436;9.6
6437;9.5
6438;9.6
6439;9.5
6440;9.6
6441;10.0
6442;10.0
6443;10.1
6444;10.1
6445;10.3
6446;10.5
6447;11.0
6448;11.0
6449;11.6
6450;11.8
6451;11.6
6452;10.8
6453;10.7
6454;9.9
6455;9.6
6456;9.4
6457;9.2
6458;9.3
6459;9.2
6460;9.1
6461;9.1
6462;9.1
6463;8.9
6464;9.0
6465;8.9
6466;9.0
6467;8.9
6468;9.3
6469;9.2
6470;9.4
6471;9.6
6472;9.7
6473;9.6
6474;9.8
6475;11.5
6476;12.0
6477;11.2
6478;10.9
6479;9.9
6480;9.2
6481;8.2
6482;8.6
6483;8.7
6484;8.4
6485;8.8
6486;8.7
6487;8.4
6488;8.3
6489;7.8
6490;7.6
6491;8.5
6492;10.5
6493;11.9
6494;11.8
6495;13.1
6496;13.6
6497;13.5
6498;13.4
6499;14.4
6500;13.5
6501;11.6
6502;10.9
6503;10.6
6504;10.3
6505;10.6
6506;9.4
6507;8.7
6508;8.9
6509;9.8
6510;9.8
6511;9.5
6512;9.2
6513;9.8
6514;9.6
6515;10.6
6516;11.8
6517;12.2
6518;12.3
6519;14.3
6520;14.2
6521;14.3
6522;16.4
6523;16.9
6524;16.1
6525;13.9
6526;11.7
6527;10.5
6528;9.8
6529;9.2
6530;8.8
6531;8.6
6532;7.7
6533;8.5
6534;8.1
6535;8.9
6536;9.6
6537;9.6
6538;9.9
6539;12.1
6540;15.2
6541;18.8
6542;19.8
6543;20.0
6544;20.1
6545;20.8
6546;20.8
6547;19.5
6548;18.4
6549;17.2
6550;15.8
6551;14.7
6552;14.3
6553;14.3
6554;13.7
6555;12.7
6556;11.6
6557;11.6
6558;12.4
6559;12.1
6560;11.9
6561;11.5
6562;13.0
6563;16.1
6564;18.0
6565;20.5
6566;22.2
6567;23.1
6568;22.9
6569;22.9
6570;20.8
6571;18.5
6572;15.7
6573;12.8
6574;11.8
6575;11.7
6576;11.4
6577;10.4
6578;10.3
6579;10.3
6580;10.1
6581;9.6
6582;9.5
6583;9.0
6584;8.9
6585;9.4
6586;9.6
6587;11.1
6588;13.7
6589;16.0
6590;17.5
6591;18.4
6592;18.7
6593;18.3
6594;18.0
6595;18.4
6596;17.9
6597;15.6
6598;12.8
6599;11.6
6600;11.3
6601;11.5
6602;11.8
6603;11.0
6604;11.6
6605;10.5
6606;10.1
6607;8.7
6608;8.1
6609;8.2
6610;10.2
6611;13.4
6612;16.9
6613;16.3
6614;16.6
6615;18.2
6616;18.6
6617;19.9
6618;18.5
6619;17.7
6620;16.9
6621;15.4
6622;12.4
6623;10.0
6624;9.7
6625;9.2
6626;8.2
6627;8.2
6628;8.7
6629;8.7
6630;8.8
6631;9.0
6632;9.1
6633;9.2
6634;9.3
6635;9.6
6636;10.0
6637;10.3
6638;11.0
6639;11.2
6640;11.3
6641;11.4
6642;11.4
6643;12.0
6644;12.5
6645;12.2
6646;10.4
6647;9.0
6648;8.0
6649;8.3
6650;9.7
6651;9.3
6652;9.1
6653;8.7
6654;8.4
6655;8.1
6656;8.1
6657;8.1
6658;8.4
6659;8.4
6660;9.3
6661;10.0
6662;12.1
6663;14.2
6664;14.9
6665;16.8
6666;19.9
6667;15.6
6668;11.4
6669;11.3
6670;10.1
6671;9.0
6672;8.9
6673;9.0
6674;8.7
6675;8.0
6676;7.7
6677;7.7
6678;7.6
6679;8.5
6680;8.7
6681;9.5
6682;10.2
6683;13.3
6684;15.8
6685;19.1
6686;19.2
6687;19.9
6688;19.3
6689;18.1
6690;18.9
6691;17.3
6692;16.7
6693;14.5
6694;13.5
6695;10.9
6696;10.7
6697;10.2
6698;10.2
6699;11.0
6700;11.0
6701;10.1
6702;10.1
6703;10.0
6704;9.1
6705;8.2
6706;9.5
6707;12.1
6708;14.7
6709;16.8
6710;19.0
6711;19.7
6712;21.3
6713;21.1
6714;21.1
6715;20.0
6716;17.6
6717;15.4
6718;12.8
6719;11.3
6720;10.5
6721;10.5
6722;11.6
6723;12.3
6724;11.7
6725;11.1
6726;11.3
6727;11.5
6728;10.6
6729;11.4
6730;11.8
6731;13.7
6732;18.0
6733;21.5
6734;22.5
6735;23.3
6736;23.5
6737;24.0
6738;22.9
6739;22.2
6740;21.7
6741;19.2
6742;16.2
6743;13.8
6744;12.9
6745;12.8
6746;12.0
6747;11.1
6748;11.8
6749;10.1
6750;10.1
6751;9.4
6752;8.8
6753;8.4
6754;9.1
6755;10.8
6756;11.8
6757;10.8
6758;10.3
6759;10.5
6760;10.8
6761;11.0
6762;11.8
6763;11.8
6764;11.1
6765;10.2
6766;10.2
6767;10.0
6768;9.6
6769;9.1
6770;9.1
6771;8.5
6772;8.3
6773;7.1
6774;7.7
6775;7.5
6776;8.0
6777;8.7
6778;8.8
6779;9.4
6780;10.4
6781;12.2
6782;13.7
6783;14.4
6784;15.6
6785;18.1
6786;17.7
6787;16.6
6788;14.7
6789;13.0
6790;10.7
6791;9.9
6792;9.4
6793;8.4
6794;8.7
6795;8.8
6796;8.8
6797;8.7
6798;8.5
6799;8.4
6800;8.3
6801;8.3
6802;8.4
6803;8.7
6804;9.5
6805;10.2
6806;11.3
6807;12.0
6808;12.8
6809;13.5
6810;13.9
6811;13.2
6812;11.3
6813;10.7
6814;10.5
6815;9.6
6816;10.2
6817;10.4
6818;10.3
6819;10.3
6820;9.8
6821;9.9
6822;9.9
6823;9.6
6824;9.7
6825;9.7
6826;9.7
6827;10.1
6828;10.9
6829;13.3
6830;13.8
6831;14.2
6832;14.1
6833;14.8
6834;15.6
6835;16.3
6836;15.4
6837;13.0
6838;11.0
6839;10.2
6840;10.2
6841;9.8
6842;8.8
6843;9.8
6844;8.7
6845;7.5
6846;7.2
6847;8.1
6848;7.6
6849;7.8
6850;8.3
6851;12.2
6852;12.4
6853;15.0
6854;14.1
6855;15.5
6856;16.3
6857;16.8
6858;16.7
6859;17.5
6860;17.3
6861;16.7
6862;14.2
6863;12.2
6864;11.1
6865;10.8
6866;10.7
6867;11.3
6868;10.4
6869;10.3
6870;9.6
6871;10.6
6872;10.1
6873;9.7
6874;11.2
6875;15.1
6876;19.0
6877;21.8
6878;24.1
6879;26.1
6880;25.2
6881;25.1
6882;24.7
6883;24.5
6884;21.6
6885;19.3
6886;17.5
6887;14.6
6888;13.3
6889;13.8
6890;12.7
6891;12.3
6892;13.4
6893;12.0
6894;9.8
6895;8.8
6896;8.5
6897;9.3
6898;10.2
6899;12.9
6900;15.8
6901;15.7
6902;16.5
6903;20.4
6904;23.0
6905;23.1
6906;23.2
6907;22.4
6908;
6909;19.7
6910;15.9
6911;12.5
6912;12.1
6913;11.6
6914;10.9
6915;9.6
6916;10.6
6917;9.8
6918;10.4
6919;9.4
6920;9.2
6921;8.3
6922;9.9
6923;11.4
6924;12.4
6925;12.2
6926;12.8
6927;15.6
6928;12.9
6929;13.3
6930;14.3
6931;14.2
6932;12.2
6933;10.9
6934;9.8
6935;9.4
6936;9.1
6937;8.9
6938;8.5
6939;7.5
6940;7.4
6941;5.8
6942;6.0
6943;6.3
6944;6.6
6945;7.0
6946;7.5
6947;8.7
6948;8.7
6949;9.9
6950;11.6
6951;12.7
6952;13.6
6953;14.6
6954;14.7
6955;14.6
6956;14.2
6957;14.8
6958;11.6
6959;9.7
6960;9.0
6961;8.3
6962;7.6
6963;7.3
6964;6.6
6965;7.2
6966;7.1
6967;5.8
6968;5.2
6969;5.8
6970;7.7
6971;11.1
6972;13.6
6973;14.2
6974;15.1
6975;17.2
6976;17.6
6977;20.7
6978;22.5
6979;21.5
6980;21.2
6981;17.5
6982;13.8
6983;11.6
6984;11.2
6985;10.7
6986;10.5
6987;10.0
6988;9.0
6989;9.1
6990;10.0
6991;10.1
6992;10.3
6993;10.2
6994;10.0
6995;10.3
6996;11.1
6997;12.5
6998;12.0
6999;13.0
7000;15.5
7001;14.6
7002;14.5
7003;14.1
7004;13.6
7005;13.4
7006;12.3
7007;
7008;11.1
7009;10.3
7010;9.6
7011;9.3
7012;8.8
7013;9.3
7014;9.2
7015;9.8
7016;9.1
7017;8.9
7018;10.6
7019;13.6
7020;16.3
7021;18.3
7022;19.6
7023;20.4
7024;21.0
7025;21.4
7026;21.0
7027;20.6
7028;20.1
7029;18.6
7030;16.4
7031;
7032;13.2
7033;13.5
7034;11.9
7035;11.8
7036;11.5
7037;10.7
7038;10.5
7039;10.1
7040;10.0
7041;9.5
7042;10.7
7043;12.8
7044;13.7
7045;18.0
7046;17.8
7047;16.9
7048;18.1
7049;22.3
7050;21.5
7051;19.8
7052;20.3
7053;17.0
7054;13.9
7055;11.8
7056;10.7
7057;10.7
7058;9.4
7059;9.0
7060;9.2
7061;8.9
7062;8.2
7063;7.7
7064;7.0
7065;7.1
7066;9.2
7067;10.6
7068;12.3
7069;15.9
7070;17.4
7071;18.8
7072;20.0
7073;20.4
7074;21.0
7075;20.2
7076;18.1
7077;16.4
7078;14.6
7079;12.8
7080;11.8
7081;12.0
7082;11.5
7083;11.1
7084;10.8
7085;10.2
7086;10.3
7087;11.0
7088;11.0
7089;10.8
7090;12.9
7091;16.2
7092;18.6
7093;18.0
7094;19.6
7095;21.3
7096;25.6
7097;24.4
7098;24.1
7099;20.3
7100;18.1
7101;18.1
7102;13.8
7103;13.1
7104;12.4
7105;12.1
7106;12.2
7107;11.8
7108;11.7
7109;11.8
7110;11.5
7111;11.3
7112;11.5
7113;11.5
7114;11.4
7115;11.8
7116;13.3
7117;15.6
7118;15.8
7119;16.4
7120;17.1
7121;17.0
7122;16.1
7123;14.5
7124;14.2
7125;13.2
7126;11.1
7127;9.9
7128;9.6
7129;9.5
7130;9.5
7131;9.3
7132;9.2
7133;8.6
7134;7.0
7135;7.3
7136;7.5
7137;7.9
7138;10.1
7139;14.4
7140;15.5
7141;16.8
7142;17.6
7143;19.1
7144;20.6
7145;21.9
7146;22.9
7147;23.8
7148;23.0
7149;18.2
7150;15.9
7151;14.8
7152;14.8
7153;14.5
7154;14.6
7155;14.0
7156;13.2
7157;11.0
7158;10.3
7159;9.6
7160;9.8
7161;10.5
7162;11.6
7163;15.2
7164;18.7
7165;18.8
7166;17.8
7167;17.6
7168;17.9
7169;17.8
7170;16.8
7171;16.1
7172;15.6
7173;15.0
7174;13.2
7175;11.3
7176;11.2
7177;9.9
7178;10.0
7179;8.9
7180;9.4
7181;9.3
7182;9.0
7183;8.3
7184;8.4
7185;7.9
7186;8.2
7187;12.5
7188;15.6
7189;16.6
7190;16.7
7191;16.5
7192;17.5
7193;16.6
7194;15.5
7195;15.3
7196;14.3
7197;13.3
7198;11.9
7199;11.6
7200;11.5
7201;11.2
7202;10.9
7203;10.7
7204;10.6
7205;10.6
7206;10.2
7207;9.8
7208;9.8
7209;9.5
7210;9.8
7211;10.8
7212;11.2
7213;11.3
7214;12.7
7215;13.3
7216;13.7
7217;14.4
7218;14.7
7219;14.7
7220;13.8
7221;12.8
7222;11.8
7223;12.0
7224;11.4
7225;11.7
7226;11.7
7227;11.6
7228;11.1
7229;10.9
7230;10.9
7231;10.9
7232;10.7
7233;10.7
7234;11.1
7235;11.5
7236;12.1
7237;12.7
7238;14.1
7239;15.2
7240;16.0
7241;14.6
7242;14.4
7243;14.1
7244;13.5
7245;13.5
7246;12.5
7247;12.0
7248;11.3
7249;11.8
7250;11.8
7251;12.0
7252;12.0
7253;11.9
7254;11.9
7255;11.7
7256;11.2
7257;11.1
7258;11.7
7259;12.0
7260;12.6
7261;13.7
7262;15.1
7263;16.2
7264;16.9
7265;18.2
7266;19.1
7267;18.8
7268;17.0
7269;16.2
7270;14.3
7271;11.6
7272;11.1
7273;10.4
7274;10.3
7275;9.8
7276;9.6
7277;9.8
7278;10.0
7279;10.5
7280;10.6
7281;10.6
7282;10.9
7283;11.0
7284;11.7
7285;14.0
7286;16.8
7287;18.6
7288;19.7
7289;19.0
7290;19.4
7291;20.3
7292;20.3
7293;14.8
7294;12.3
7295;11.3
7296;10.8
7297;10.6
7298;9.9
7299;10.1
7300;10.8
7301;10.7
7302;10.5
7303;10.7
7304;10.6
7305;10.4
7306;10.4
7307;11.1
7308;12.9
7309;16.8
7310;15.6
7311;16.0
7312;17.0
7313;16.2
7314;17.9
7315;18.0
7316;15.8
7317;14.8
7318;13.7
7319;12.7
7320;12.2
7321;12.1
7322;12.0
7323;12.0
7324;11.4
7325;11.2
7326;11.3
7327;11.0
7328;10.9
7329;10.9
7330;11.0
7331;11.1
7332;11.4
7333;11.3
7334;11.9
7335;12.3
7336;11.8
7337;12.3
7338;12.1
7339;12.1
7340;11.8
7341;11.9
7342;11.6
7343;11.9
7344;11.8
7345;12.1
7346;11.8
7347;11.6
7348;11.6
7349;11.5
7350;11.3
7351;11.3
7352;11.3
7353;10.8
7354;11.0
7355;10.9
7356;10.9
7357;11.1
7358;10.8
7359;11.7
7360;11.9
7361;12.2
7362;12.6
7363;12.5
7364;11.6
7365;11.9
7366;12.1
7367;11.7
7368;10.5
7369;10.8
7370;9.8
7371;10.0
7372;10.7
7373;9.5
7374;9.5
7375;9.2
7376;8.8
7377;8.8
7378;11.0
7379;13.0
7380;14.6
7381;15.1
7382;15.9
7383;16.6
7384;16.7
7385;16.6
7386;16.5
7387;14.9
7388;14.1
7389;13.8
7390;13.3
7391;12.4
7392;12.3
7393;12.4
7394;12.3
7395;12.2
7396;11.9
7397;12.1
7398;12.0
7399;11.9
7400;11.7
7401;11.8
7402;12.4
7403;13.1
7404;14.0
7405;14.1
7406;14.6
7407;14.9
7408;15.2
7409;15.6
7410;15.0
7411;14.0
7412;15.2
7413;13.4
7414;12.8
7415;12.7
7416;13.0
7417;12.8
7418;13.1
7419;12.7
7420;12.5
7421;12.5
7422;12.2
7423;12.3
7424;12.1
7425;12.1
7426;12.5
7427;13.0
7428;13.6
7429;14.2
7430;15.3
7431;14.0
7432;14.8
7433;16.0
7434;16.2
7435;15.3
7436;14.4
7437;13.7
7438;14.0
7439;12.3
7440;11.2
7441;11.0
7442;10.5
7443;10.0
7444;9.5
7445;9.2
7446;8.8
7447;8.3
7448;8.6
7449;9.1
7450;11.7
7451;14.2
7452;16.3
7453;17.3
7454;18.2
7455;19.4
7456;19.6
7457;21.1
7458;21.1
7459;20.9
7460;19.9
7461;18.5
7462;16.7
7463;13.8
7464;12.6
7465;12.2
7466;11.5
7467;10.8
7468;10.1
7469;10.4
7470;9.6
7471;10.4
7472;10.1
7473;10.3
7474;14.1
7475;15.4
7476;19.0
7477;22.1
7478;24.6
7479;25.9
7480;26.1
7481;26.3
7482;26.7
7483;25.2
7484;24.5
7485;22.2
7486;20.3
7487;17.7
7488;17.2
7489;17.6
7490;16.4
7491;16.5
7492;15.3
7493;15.2
7494;15.1
7495;15.9
7496;15.2
7497;15.1
7498;19.8
7499;18.6
7500;19.6
7501;18.8
7502;20.4
7503;21.3
7504;22.3
7505;22.0
7506;17.0
7507;16.2
7508;15.0
7509;15.8
7510;14.5
7511;12.8
7512;12.9
7513;12.7
7514;12.9
7515;12.4
7516;12.4
7517;11.8
7518;11.2
7519;10.9
7520;11.1
7521;11.9
7522;12.8
7523;13.5
7524;15.7
7525;17.0
7526;17.1
7527;18.2
7528;18.8
7529;19.7
7530;20.0
7531;21.0
7532;23.6
7533;21.3
7534;19.6
7535;16.9
7536;14.2
7537;13.3
7538;12.1
7539;11.9
7540;11.8
7541;11.9
7542;11.8
7543;11.7
7544;11.8
7545;11.9
7546;12.1
7547;12.4
7548;15.5
7549;15.4
7550;16.4
7551;18.0
7552;17.9
7553;17.8
7554;19.6
7555;19.3
7556;18.8
7557;16.5
7558;15.4
7559;13.9
7560;13.9
7561;13.0
7562;12.7
7563;12.7
7564;12.2
7565;11.6
7566;11.3
7567;11.2
7568;10.8
7569;10.8
7570;13.6
7571;16.6
7572;20.3
7573;22.8
7574;24.4
7575;26.8
7576;26.2
7577;26.3
7578;25.6
7579;24.5
7580;21.8
7581;19.9
7582;17.6
7583;15.8
7584;13.9
7585;13.3
7586;13.0
7587;12.4
7588;11.8
7589;11.2
7590;11.7
7591;11.7
7592;12.0
7593;11.9
7594;12.5
7595;14.0
7596;17.1
7597;19.0
7598;19.1
7599;20.4
7600;21.4
7601;22.7
7602;22.9
7603;19.7
7604;19.0
7605;17.3
7606;15.0
7607;12.7
7608;12.4
7609;11.2
7610;11.1
7611;10.3
7612;10.7
7613;11.3
7614;12.3
7615;13.9
7616;12.8
7617;12.3
7618;14.6
7619;17.4
7620;20.6
7621;22.7
7622;23.7
7623;
7624;23.7
7625;23.5
7626;21.8
7627;24.3
7628;20.3
7629;18.5
7630;15.5
7631;13.4
7632;13.0
7633;11.1
7634;10.2
7635;10.1
7636;10.4
7637;10.2
7638;10.5
7639;9.8
7640;10.4
7641;10.7
7642;15.0
7643;18.6
7644;21.8
7645;25.1
7646;23.2
7647;25.4
7648;26.0
7649;28.1
7650;25.8
7651;26.5
7652;25.8
7653;24.0
7654;21.9
7655;15.6
7656;13.8
7657;14.3
7658;14.0
7659;12.6
7660;12.0
7661;11.0
7662;10.6
7663;10.7
7664;10.7
7665;10.7
7666;11.0
7667;11.2
7668;11.4
7669;12.6
7670;14.3
7671;15.3
7672;16.3
7673;17.0
7674;16.9
7675;17.6
7676;17.2
7677;17.9
7678;16.8
7679;13.9
7680;13.4
7681;12.5
7682;12.2
7683;11.7
7684;11.6
7685;11.0
7686;10.9
7687;11.0
7688;11.2
7689;11.1
7690;11.1
7691;11.5
7692;11.5
7693;12.1
7694;12.3
7695;12.8
7696;14.2
7697;15.7
7698;16.0
7699;15.2
7700;15.2
7701;12.8
7702;12.8
7703;12.1
7704;11.9
7705;11.7
7706;11.6
7707;11.6
7708;11.7
7709;11.4
7710;11.4
7711;11.3
7712;11.3
7713;11.3
7714;11.4
7715;11.8
7716;12.0
7717;12.3
7718;12.9
7719;14.3
7720;16.4
7721;17.7
7722;17.9
7723;18.3
7724;18.5
7725;17.7
7726;17.0
7727;15.4
7728;14.3
7729;13.3
7730;12.2
7731;12.3
7732;11.7
7733;13.2
7734;11.3
7735;12.1
7736;12.0
7737;12.0
7738;12.1
7739;12.3
7740;12.8
7741;13.1
7742;13.1
7743;14.1
7744;15.9
7745;15.8
7746;15.6
7747;15.7
7748;16.4
7749;15.3
7750;15.0
7751;13.2
7752;12.5
7753;12.2
7754;11.3
7755;10.7
7756;11.2
7757;11.7
7758;10.9
7759;10.4
7760;10.2
7761;11.0
7762;11.7
7763;12.2
7764;12.3
7765;12.2
7766;12.8
7767;13.4
7768;13.7
7769;14.2
7770;14.2
7771;13.6
7772;13.3
7773;13.0
7774;12.4
7775;12.3
7776;12.2
7777;12.0
7778;12.0
7779;12.0
7780;11.9
7781;11.9
7782;11.9
7783;11.8
7784;11.8
7785;11.9
7786;11.9
7787;11.9
7788;12.4
7789;12.8
7790;13.4
7791;13.1
7792;13.1
7793;14.8
7794;16.2
7795;15.6
7796;15.4
7797;14.4
7798;13.6
7799;13.2
7800;13.0
7801;13.0
7802;12.8
7803;13.0
7804;12.6
7805;12.4
7806;12.2
7807;12.2
7808;12.1
7809;12.1
7810;12.2
7811;12.1
7812;12.6
7813;12.8
7814;13.0
7815;13.7
7816;14.6
7817;15.5
7818;16.0
7819;16.1
7820;16.1
7821;15.0
7822;14.4
7823;14.0
7824;14.1
7825;14.2
7826;14.1
7827;13.7
7828;13.5
7829;13.3
7830;13.1
7831;13.0
7832;12.9
7833;13.0
7834;13.2
7835;13.5
7836;14.1
7837;14.4
7838;15.0
7839;14.1
7840;14.2
7841;16.0
7842;16.6
7843;16.5
7844;15.5
7845;15.5
7846;15.6
7847;15.0
7848;15.3
7849;15.1
7850;14.9
7851;14.4
7852;14.1
7853;13.9
7854;13.5
7855;13.1
7856;12.8
7857;13.1
7858;14.4
7859;15.3
7860;15.6
7861;15.9
7862;17.2
7863;18.1
7864;19.1
7865;19.8
7866;21.0
7867;18.9
7868;17.9
7869;15.8
7870;13.7
7871;12.7
7872;12.6
7873;12.4
7874;12.2
7875;11.5
7876;11.5
7877;11.4
7878;11.0
7879;11.1
7880;11.3
7881;11.1
7882;11.5
7883;12.0
7884;14.2
7885;16.2
7886;16.2
7887;16.2
7888;16.8
7889;17.3
7890;17.1
7891;17.1
7892;16.3
7893;16.6
7894;19.1
7895;16.2
7896;14.9
7897;13.6
7898;11.6
7899;10.7
7900;10.1
7901;10.0
7902;10.1
7903;10.8
7904;10.0
7905;10.0
7906;11.4
7907;12.1
7908;14.4
7909;16.0
7910;16.5
7911;16.7
7912;16.8
7913;17.0
7914;17.4
7915;17.0
7916;17.1
7917;16.5
7918;15.7
7919;13.0
7920;12.2
7921;11.7
7922;11.4
7923;11.5
7924;11.8
7925;11.6
7926;9.7
7927;9.8
7928;10.2
7929;10.5
7930;10.8
7931;11.2
7932;14.3
7933;16.6
7934;16.7
7935;18.1
7936;19.3
7937;20.9
7938;21.6
7939;20.1
7940;24.5
7941;22.1
7942;19.2
7943;16.8
7944;15.3
7945;14.5
7946;13.8
7947;13.3
7948;12.3
7949;12.3
7950;12.8
7951;12.6
7952;12.3
7953;12.3
7954;16.1
7955;16.7
7956;17.3
7957;17.7
7958;19.1
7959;19.6
7960;20.4
7961;24.0
7962;27.3
7963;27.3
7964;25.9
7965;24.1
7966;22.0
7967;19.2
7968;17.3
7969;15.1
7970;14.0
7971;14.0
7972;13.7
7973;13.4
7974;12.7
7975;12.4
7976;11.5
7977;11.6
7978;12.1
7979;13.0
7980;14.0
7981;15.8
7982;15.9
7983;16.9
7984;18.3
7985;18.5
7986;19.7
7987;19.1
7988;19.1
7989;17.9
7990;20.1
7991;17.2
7992;15.8
7993;15.7
7994;14.6
7995;14.1
7996;12.8
7997;12.8
7998;12.5
7999;13.0
8000;13.3
8001;13.2
8002;17.9
8003;21.3
8004;21.0
8005;22.0
8006;21.7
8007;22.1
8008;23.7
8009;26.0
8010;25.7
8011;27.9
8012;26.7
8013;24.3
8014;22.7
8015;19.6
8016;19.3
8017;16.8
8018;15.2
8019;15.6
8020;14.7
8021;13.1
8022;13.0
8023;12.4
8024;13.3
8025;13.2
8026;14.7
8027;17.5
8028;16.9
8029;16.8
8030;20.1
8031;21.0
8032;25.0
8033;26.5
8034;25.2
8035;25.8
8036;25.0
8037;23.5
8038;19.8
8039;17.3
8040;16.2
8041;15.4
8042;15.4
8043;16.4
8044;16.8
8045;16.6
8046;15.8
8047;14.6
8048;14.8
8049;14.7
8050;17.2
8051;19.8
8052;20.2
8053;21.8
8054;22.4
8055;28.9
8056;30.1
8057;28.1
8058;26.2
8059;24.2
8060;22.6
8061;22.3
8062;21.3
8063;18.7
8064;17.8
8065;17.9
8066;16.6
8067;17.2
8068;17.8
8069;17.7
8070;17.5
8071;17.2
8072;16.9
8073;16.5
8074;17.7
8075;20.2
8076;22.8
8077;20.8
8078;20.7
8079;22.4
8080;27.0
8081;26.6
8082;25.8
8083;25.1
8084;24.3
8085;22.4
8086;20.3
8087;18.8
8088;18.0
8089;18.0
8090;17.2
8091;16.9
8092;16.1
8093;14.8
8094;14.4
8095;14.4
8096;14.5
8097;13.9
8098;17.5
8099;20.4
8100;21.2
8101;21.1
8102;22.2
8103;24.5
8104;29.8
8105;30.3
8106;27.2
8107;25.8
8108;23.8
8109;22.4
8110;21.9
8111;21.2
8112;19.1
8113;19.4
8114;19.2
8115;19.2
8116;20.4
8117;20.5
8118;20.7
8119;19.6
8120;19.3
8121;19.2
8122;20.4
8123;22.8
8124;25.4
8125;25.9
8126;27.1
8127;29.3
8128;29.8
8129;28.3
8130;28.9
8131;28.1
8132;25.9
8133;23.7
8134;21.3
8135;18.6
8136;17.0
8137;17.6
8138;19.5
8139;18.6
8140;19.0
8141;16.7
8142;12.5
8143;12.6
8144;12.2
8145;12.3
8146;13.7
8147;15.2
8148;16.9
8149;17.7
8150;19.7
8151;19.6
8152;21.6
8153;23.3
8154;25.6
8155;25.0
8156;23.4
8157;21.5
8158;20.9
8159;18.8
8160;18.0
8161;15.9
8162;16.7
8163;15.5
8164;15.4
8165;14.8
8166;14.5
8167;13.0
8168;12.5
8169;12.9
8170;14.5
8171;16.1
8172;17.9
8173;18.7
8174;19.9
8175;21.8
8176;23.3
8177;24.0
8178;23.9
8179;25.9
8180;27.3
8181;26.6
8182;23.2
8183;19.1
8184;17.9
8185;17.5
8186;16.0
8187;14.9
8188;15.2
8189;13.4
8190;13.2
8191;12.9
8192;12.4
8193;11.6
8194;11.5
8195;11.8
8196;13.9
8197;16.1
8198;16.9
8199;20.9
8200;23.2
8201;22.9
8202;25.0
8203;25.3
8204;23.7
8205;24.2
8206;22.7
8207;19.8
8208;17.8
8209;17.8
8210;19.7
8211;20.6
8212;19.7
8213;19.2
8214;18.0
8215;19.5
8216;18.4
8217;18.7
8218;20.1
8219;22.7
8220;27.6
8221;30.6
8222;31.7
8223;31.3
8224;30.8
8225;29.1
8226;28.6
8227;27.2
8228;25.2
8229;23.7
8230;
8231;17.8
8232;16.0
8233;14.8
8234;14.7
8235;13.5
8236;13.3
8237;12.5
8238;12.7
8239;12.5
8240;11.1
8241;11.0
8242;11.8
8243;13.7
8244;
8245;12.4
8246;12.7
8247;
8248;
8249;
8250;
8251;
8252;
8253;
8254;
8255;
8256;
8257;
8258;
8259;
8260;
8261;
8262;
8263;
8264;
8265;
8266;
8267;16.2
8268;17.3
8269;16.5
8270;16.1
8271;17.7
8272;17.5
8273;18.1
8274;17.8
8275;18.8
8276;18.5
8277;19.1
8278;17.4
8279;13.5
8280;15.1
8281;20.2
8282;20.1
8283;20.3
8284;21.4
8285;20.7
8286;20.5
8287;20.3
8288;19.1
8289;20.4
8290;16.5
8291;14.3
8292;13.5
8293;12.4
8294;12.1
8295;12.0
8296;11.2
8297;11.0
8298;11.8
8299;11.4
8300;12.0
8301;15.1
8302;16.7
8303;19.9
8304;21.3
8305;21.9
8306;23.2
8307;25.2
8308;26.2
8309;26.6
8310;26.7
8311;25.6
8312;23.4
8313;21.3
8314;18.8
8315;16.9
8316;16.0
8317;15.5
8318;15.3
8319;14.9
8320;14.8
8321;14.7
8322;13.9
8323;13.7
8324;13.7
8325;16.8
8326;19.2
8327;19.7
8328;19.9
8329;21.5
8330;24.6
8331;24.9
8332;27.1
8333;26.9
8334;26.3
8335;25.2
8336;23.3
8337;20.5
8338;18.3
8339;17.2
8340;16.3
8341;15.4
8342;15.4
8343;15.1
8344;15.5
8345;15.3
8346;15.2
8347;14.8
8348;14.6
8349;16.0
8350;18.9
8351;21.8
8352;23.9
8353;23.2
8354;24.9
8355;26.6
8356;25.9
8357;27.2
8358;25.6
8359;23.9
8360;21.6
8361;20.3
8362;17.7
8363;16.8
8364;17.0
8365;17.1
8366;16.6
8367;16.3
8368;15.2
8369;13.6
8370;12.9
8371;12.9
8372;12.6
8373;14.1
8374;17.1
8375;20.4
8376;23.1
8377;23.3
8378;24.1
8379;23.7
8380;24.6
8381;25.1
8382;22.2
8383;21.9
8384;20.4
8385;18.7
8386;15.9
8387;15.4
8388;14.2
8389;14.2
8390;14.2
8391;14.0
8392;13.8
8393;13.5
8394;14.1
8395;12.8
8396;12.8
8397;15.3
8398;16.3
8399;17.7
8400;18.7
8401;19.7
8402;21.8
8403;23.0
8404;23.8
8405;22.6
8406;21.5
8407;19.6
8408;17.6
8409;15.2
8410;12.5
8411;12.6
8412;12.5
8413;11.5
8414;11.2
8415;11.1
8416;10.9
8417;10.8
8418;11.7
8419;11.8
8420;11.9
8421;12.5
8422;12.9
8423;13.3
8424;13.3
8425;13.3
8426;14.0
8427;14.0
8428;14.8
8429;15.9
8430;16.1
8431;16.6
8432;16.3
8433;15.2
8434;14.2
8435;13.9
8436;14.1
8437;14.3
8438;14.3
8439;14.3
8440;14.2
8441;14.1
8442;14.2
8443;14.3
8444;14.5
8445;15.1
8446;15.7
8447;17.1
8448;18.1
8449;19.3
8450;19.7
8451;20.1
8452;20.4
8453;21.1
8454;20.8
8455;20.9
8456;20.8
8457;19.7
8458;17.5
8459;16.3
8460;15.3
8461;14.7
8462;14.5
8463;13.8
8464;14.4
8465;13.3
8466;13.6
8467;12.8
8468;12.7
8469;14.5
8470;16.5
8471;18.6
8472;19.2
8473;21.1
8474;21.3
8475;22.7
8476;23.8
8477;24.8
8478;25.5
8479;23.6
8480;23.8
8481;21.5
8482;19.1
8483;17.3
8484;16.4
8485;16.4
8486;15.8
8487;15.0
8488;14.7
8489;14.3
8490;13.5
8491;12.9
8492;11.7
8493;13.3
8494;14.1
8495;15.1
8496;15.0
8497;15.0
8498;18.4
8499;20.0
8500;18.7
8501;18.0
8502;19.0
8503;20.0
8504;20.3
8505;20.9
8506;19.0
8507;17.5
8508;15.7
8509;14.9
8510;14.4
8511;14.3
8512;13.7
8513;13.0
8514;12.9
8515;12.6
8516;13.1
8517;15.0
8518;16.2
8519;18.3
8520;17.5
8521;16.3
8522;17.3
8523;17.8
8524;17.9
8525;17.4
8526;17.3
8527;16.3
8528;16.1
8529;15.6
8530;14.8
8531;14.2
8532;13.6
8533;13.2
8534;13.6
8535;13.8
8536;13.7
8537;13.7
8538;13.7
8539;13.7
8540;13.7
8541;13.8
8542;13.6
8543;13.5
8544;14.1
8545;13.8
8546;14.8
8547;15.9
8548;16.3
8549;17.3
8550;18.1
8551;17.6
8552;17.1
8553;16.1
8554;15.0
8555;14.6
8556;14.9
8557;14.8
8558;14.8
8559;14.6
8560;14.0
8561;14.1
8562;13.6
8563;13.7
8564;13.9
8565;13.7
8566;13.7
8567;13.9
8568;14.2
8569;14.5
8570;15.4
8571;16.2
8572;16.2
8573;16.2
8574;17.2
8575;18.4
8576;18.8
8577;18.0
8578;14.5
8579;13.1
8580;12.5
8581;12.0
8582;11.5
8583;10.8
8584;10.7
8585;9.8
8586;9.7
8587;8.7
8588;8.8
8589;12.3
8590;14.6
8591;17.1
8592;17.4
8593;19.5
8594;20.4
8595;22.8
8596;24.4
8597;25.5
8598;22.2
8599;20.5
8600;19.4
8601;18.5
8602;15.8
8603;14.6
8604;13.6
8605;12.9
8606;12.8
8607;12.7
8608;12.3
8609;11.6
8610;11.2
8611;11.3
8612;10.4
8613;13.3
8614;15.5
8615;18.4
8616;19.7
8617;22.5
8618;23.8
8619;25.8
8620;26.5
8621;26.4
8622;26.3
8623;25.0
8624;21.5
8625;18.7
8626;17.0
8627;15.5
8628;15.0
8629;14.7
8630;14.2
8631;13.3
8632;13.6
8633;13.6
8634;13.6
8635;16.7
8636;18.9
8637;19.0
8638;20.3
8639;23.1
8640;27.1
8641;27.6
8642;29.2
8643;27.6
8644;25.9
8645;24.0
8646;22.9
8647;20.3
8648;17.4
8649;16.1
8650;15.5
8651;14.8
8652;14.3
8653;14.4
8654;14.1
8655;14.0
8656;13.8
8657;13.5
8658;15.3
8659;16.9
8660;20.1
8661;21.9
8662;23.3
8663;26.6
8664;27.6
8665;26.7
8666;25.8
8667;23.5
8668;22.3
8669;20.8
8670;19.1
8671;16.6
8672;15.1
8673;13.9
8674;13.3
8675;12.7
8676;12.3
8677;11.9
8678;11.9
8679;14.1
8680;16.8
8681;17.8
8682;19.7
8683;20.1
8684;20.9
8685;22.7
8686;21.7
8687;21.7
8688;20.7
8689;19.0
8690;19.4
8691;16.7
8692;14.8
8693;13.7
8694;13.5
8695;12.8
8696;12.7
8697;12.7
8698;12.6
8699;12.4
8700;11.8
8701;12.0
8702;12.4
8703;12.7
8704;15.0
8705;16.6
8706;18.0
8707;18.3
8708;18.6
8709;20.4
8710;21.9
8711;21.7
8712;22.0
8713;20.8
8714;18.5
8715;15.7
8716;14.1
8717;13.2
8718;12.7
8719;11.8
8720;11.5
8721;11.6
8722;11.1
8723;10.7
8724;12.0
8725;15.4
8726;16.2
8727;17.1
8728;18.0
8729;19.1
8730;19.6
8731;20.3
8732;18.7
8733;18.7
8734;18.5
8735;19.0
8736;17.4
